Total Electricity Consumption (A),Total Fuel Consumption (B),Energy Consumption Through Other Sources (C),Total Energy Consumption (A+B+C),Total Renewable Energy Consumption,Total Non-Renewable Energy Consumption,Energy Intensity,File Name,ATTACHMENT_x,ATTACHMENT_y
1449.57,13.42,0.0,6922.84,,,6.84,360_ONE_WAM_LIMITED_2023.0.pdf,,https://nsearchives.nseindia.com/corporate/IIFLWAM_19062024220934_360ONEWAMLIMITEDAR202324v2.pdf
7270.9,154.8,0.0,,,,4.202e-05,3I_Infotech_Limited_2023.0.pdf,,https://nsearchives.nseindia.com/corporate/3IINFOTECHLTD_07092024211558_AR.pdf
45767.0,40856.0,0.0,,,,3.63,3M_INDIA_LIMITED_2023.0.pdf,,https://nsearchives.nseindia.com/corporate/3MINDIALTD_23072024150950_LettertoSEBRSRSIGNED.pdf
6908674286.0,636762700.0,,,,,8593892.0,5paisa_Capital_Limited_2023.0.pdf,,https://nsearchives.nseindia.com/corporate/5PAISA_16082024193503_EXINTIMATION.pdf
4488720.0,2600.0,65609.0,4556929.0,,,1.0,63_moons_technologies_limited_2023.0.pdf,,https://nsearchives.nseindia.com/corporate/63MOONS_03092024215221_BRSR2024.pdf
293984.0,876436.0,,,,,46.34,Aarti_Drugs_Limited_2023.0.pdf,,https://nsearchives.nseindia.com/corporate/AARTIDRUGS_29082024232019_ADL.pdf
563183.0,6014507.0,,,,,8.325,Aarti_Industries_Limited_2023.0.pdf,,https://nsearchives.nseindia.com/corporate/AARTIIND_10072024192757_AARTIIND_BRSR.pdf
287347.98,864831.57,0.0,,,,46.25,Aarti_Pharmalabs_Limited_2023.0.pdf,,https://nsearchives.nseindia.com/corporate/AARTIPHARMA_15072024204239_AARTIPHARM.pdf
11874.65,74.37,,,,,1.39,Aavas_Financiers_Limited_2023.0.pdf,,https://nsearchives.nseindia.com/corporate/AAVAS_12072024183541_BRSR20232024.pdf
451.47,4.0,,,,,0.075,ABANS_HOLDINGS_LIMITED_2023.0.pdf,,https://nsearchives.nseindia.com/corporate/AHL_09072024114633_BRSR.pdf
0.0,8587.4,0.0,,,,9.3,ABB_India_Limited_2023.0.pdf,,https://nsearchives.nseindia.com/corporate/ABB_05042024210522_ABBAnnualReport2023.pdf
1768008.0,4882.0,,1772988.0,,,0.09,Accelya_Solutions_India_Limited_2023.0.pdf,,https://nsearchives.nseindia.com/corporate/ACCELYA_20092024181740_AnnualReportSubmission2024.pdf
3025541.0,58426300.0,0.0,,,,2.3,ACC_Limited_2023.0.pdf,,https://nsearchives.nseindia.com/corporate/ACC_1_29052024175231_BRSR_Covering.pdf
26.34,2.57,,,,,1.0,Action_Construction_Equipment_Limited_2023.0.pdf,,https://nsearchives.nseindia.com/corporate/ACE_03082024175843_BRSR2024BSEACESIGNED.pdf
107546.0,31857636.0,0.0,8760.0,,,3.431732879,Adani_Energy_Solutions_Limited_2023.0.pdf,,https://nsearchives.nseindia.com/corporate/ADANITRANS_29052024163539_AESLBRSR2024.pdf
1305219.0,2150665.0,0.0,,,,,Adani_Enterprises_Limited_2023.0.pdf,,https://nsearchives.nseindia.com/corporate/kuntal_chandya_adani_com_29052024203210_AELIntimationforsubmissionofBRSR.pdf
208218.8,45163.6,0.0,,,,,Adani_Green_Energy_Limited_2023.0.pdf,,https://nsearchives.nseindia.com/corporate/ADANIGREEN_09072024152511_123.pdf
1565.0,1660.0,0.0,,,,8.2,Adani_Ports_and_Special_Economic_Zone_Limited_2023.0.pdf,,https://nsearchives.nseindia.com/corporate/rkbhagia_28052024224029_IntimationofBRSR.pdf
26227.46,818418070.02,0.0,264.38,,,9.57,ADANI_POWER_LIMITED_2023.0.pdf,,https://nsearchives.nseindia.com/corporate/ADANIPOWER_06062024102133_APLBRSR2024.pdf
168827.0,522020.0,,,,,785.0,Adani_Total_Gas_Limited_2023.0.pdf,,https://nsearchives.nseindia.com/corporate/ATGL2024_30052024215231_BRSR300524.pdf
1263000.0,5223000.0,819897.75,,,,0.00034,ADANI_WILMAR_LIMITED_2023.0.pdf,,https://nsearchives.nseindia.com/corporate/AWL_01062024171522_BRSRCoveringletter.pdf
28026508.0,47689673.0,,,,,4.15,ADF_Foods_Limited_2023.0.pdf,,https://nsearchives.nseindia.com/corporate/ADFFOODS1_09072024170224_ADFLBRSR202324.pdf
11571.61,209.77,,,,,5.6e-06,Aditya_Birla_Capital_Limited_2023.0.pdf,,https://nsearchives.nseindia.com/corporate/rsrai_23072024161514_BRSR_ABCAPITALsigned.pdf
,,,,,,1.0,Aditya_Birla_Fashion_and_Retail_Limited_2023.0.pdf,,https://nsearchives.nseindia.com/corporate/ABFRL_27082024203302_SE.pdf
1487.68,,,,,,0.87,Aditya_Birla_Sun_Life_AMC_Limited_2023.0.pdf,,https://nsearchives.nseindia.com/corporate/ABSLAMC_12072024180816_BRSR.pdf
52893.3,21064.95,0.0,,,,4.12,Ador_Welding_Limited_2023.0.pdf,,https://nsearchives.nseindia.com/corporate/ADORWELD_04072024141718_REG34_2__f_BRSR.pdf
40475.0,173985.0,,,,,4.89,Advanced_Enzyme_Technologies_Limited_2023.0.pdf,,https://nsearchives.nseindia.com/corporate/AETL_01072024163452_BRSR.pdf
1.0,7300.0,0.0,,,,37028023.2,Aegis_Logistics_Limited_2023.0.pdf,,https://nsearchives.nseindia.com/corporate/AEGISCHEM_28062024165715_ALL_BRSR_Signed.pdf
149.75,866.61,,1074.44,,,4.22,Aether_Industries_Limited_2023.0.pdf,,https://nsearchives.nseindia.com/corporate/AETHER_16082024175257_BRSR.pdf
,,,,,,1.0,Affle_(India)_Limited_2023.0.pdf,,https://nsearchives.nseindia.com/corporate/AFFLE_30082024193150_BRSRintimation30082024.pdf
2970782.424,72049882.5,0.0,527877.0,,,188.83,Agarwal_Industrial_Corporation_Limited_2023.0.pdf,,https://nsearchives.nseindia.com/corporate/AGARIND_20082024173129_AGM30NoticeAndAnnualReturn2024.pdf
,,,,,,,AGI_Greenpac_Limited_2023.0.pdf,,https://nsearchives.nseindia.com/corporate/HSIL_27082024201709_IntimationregardingBRSR.pdf
,,,,,,1.0,Agro_Tech_Foods_Limited_2023.0.pdf,,https://nsearchives.nseindia.com/corporate/ATFL_06092024195356_ATFLBRSR2024.pdf
121815.56,53.58,,,,,11.7,AGS_TRANSACT_TECHNOLOGIES_LIMITED_2023.0.pdf,,https://nsearchives.nseindia.com/corporate/AGSTRA_04092024212017_AGSTTLBRSR.pdf
2015614514078.0,748533584812.0,,2764148098890.0,,,71.7,Ahluwalia_Contracts_(India)_Limited_2023.0.pdf,,https://nsearchives.nseindia.com/corporate/532811_03092024144843_ACILAR23_24_BRSR.pdf
960197.05,536487.4341,,,,,6.3,AIA_Engineering_Limited_2023.0.pdf,,https://nsearchives.nseindia.com/corporate/AIAENG_14082024193733_SubmissionofBRSR.pdf
,77124.63,,,,,0.00017171,Ajanta_Pharma_Limited_2023.0.pdf,,https://nsearchives.nseindia.com/corporate/AJANTPHARM_18062024183236_BRSR.pdf
84268.36,0.0,0.0,127761.7,,,0.0,AJMERA_REALTY_&_INFRA_INDIA_LIMITED_2023.0.pdf,,https://nsearchives.nseindia.com/corporate/AJMERA_17072024180748_IntimationBRSRSD.pdf
,5552.0,,,,,1.0,Akzo_Nobel_India_Limited_2023.0.pdf,,https://nsearchives.nseindia.com/corporate/AKZOINDIA_05072024130509_AkzoBRSR2023_24.pdf
15371.0,99874.91,,,,,0.00197271,Alembic_Limited_2023.0.pdf,,https://nsearchives.nseindia.com/corporate/ALEMBICLTD_11072024174433_AL_SE_Intimation_BRSR_signed.pdf
339607.41,547128.13,0.0,201587.13,,,73.24,ALEMBIC_PHARMACEUTICALS_LIMITED_2023.0.pdf,,https://nsearchives.nseindia.com/corporate/APLLTD_21062024182214_Intimation_BRSR_2023_24_Signed.pdf
164761789.0,172468098.0,,408317392.0,,,0.029,Alicon_Castalloy_Limited_2023.0.pdf,,https://nsearchives.nseindia.com/corporate/ALICON_11092024121417_Report.pdf
345509.0,,,116651.0,,,17.08,Alkem_Laboratories_Limited_2023.0.pdf,,https://nsearchives.nseindia.com/corporate/ALKEM_26072024181314_ExchangeintimationBRSR2324signedfinal.pdf
139927.0,2448060.0,,,,,16.0,ALKYL_AMINES_CHEMICALS_LIMITED_2023.0.pdf,,https://nsearchives.nseindia.com/corporate/ALKYLAMINE_08062024135311_BRSRFINAL.pdf
21761.49,4251.91,0.0,1342.88,,,22.4,Allcargo_Gati_Limited_2023.0.pdf,,https://nsearchives.nseindia.com/corporate/GATI_17082024192640_BRSRFY24.pdf
4740.79,0.0,0.0,76.05,,,58.02,Allcargo_Logistics_Limited_2023.0.pdf,,https://nsearchives.nseindia.com/corporate/ALLCARGO_06092024123109_SEupload.pdf
17584.0,1029.0,,,,,1.0,ALLSEC_TECHNOLOGIES_LIMITED_2023.0.pdf,,https://nsearchives.nseindia.com/corporate/ALLSEC_05072024214031_SEIntimationBRSR.pdf
3183039.0,24306.0,0.0,,,,1345543.0,ALOK_INDUSTRIES_LIMITED_2023.0.pdf,,https://nsearchives.nseindia.com/corporate/ALOKINDUS_09082024201434_1.pdf
229313.46,107807.69,0.0,,,,,Amber_Enterprises_India_Limited_2023.0.pdf,,https://nsearchives.nseindia.com/corporate/AMBER_20072024153514_SEBRSR2024.pdf
,,,,,,,AMBIKA_COTTON_MILLS_LIMITED_2022.0.pdf,,https://nsearchives.nseindia.com/corporate/AMBIKCO_27082024141730_BRSR202324.pdf
,,,,,,,AMBIKA_COTTON_MILLS_LIMITED_2022.0.pdf,,https://nsearchives.nseindia.com/corporate/AMBIKCO_11012024120303_BRSRPDF1.pdf
,,,,,,,AMBIKA_COTTON_MILLS_LIMITED_2023.0.pdf,,https://nsearchives.nseindia.com/corporate/AMBIKCO_27082024141730_BRSR202324.pdf
,,,,,,,AMBIKA_COTTON_MILLS_LIMITED_2023.0.pdf,,https://nsearchives.nseindia.com/corporate/AMBIKCO_11012024120303_BRSRPDF1.pdf
2961536.0,9.0,0.0,,,,,Ambuja_Cements_Limited_2023.0.pdf,,https://nsearchives.nseindia.com/corporate/AMBUJACEM_01062024103541_FINALBRSR_ACL.pdf
51564.6,240063.07,0.0,,,,48.013,Ami_Organics_Limited_2023.0.pdf,,https://nsearchives.nseindia.com/corporate/AMIORG_29082024191546_CoveringwithBRSR.pdf
4976521.0,5454333.92,2024.0,,,,15238.3,AMRUTANJAN_HEALTH_CARE_LIMITED_2023.0.pdf,,https://nsearchives.nseindia.com/corporate/AMRUTANJAN_30082024210233_BRSRsd.pdf
3217.3,69.41,,,,,3.25,ANAND_RATHI_WEALTH_LIMITED_2023.0.pdf,,https://nsearchives.nseindia.com/corporate/ANANDRATHI_24052024182132_BRSRLetterReport.pdf
7274.11,55.19,0.0,,,,9.17,Anant_Raj_Limited_2023.0.pdf,,https://nsearchives.nseindia.com/corporate/ANANTRAJ_26062024170202_BRSR_2023_2024.pdf
1025570.31,7866164.96,0.0,0.0,,,0.0,Andhra_Paper_Limited_2023.0.pdf,,https://nsearchives.nseindia.com/corporate/ANDHRAPAP_19072024182323_BRSRreport.pdf
3222.1,224.0,0.0,,,,0.0048,Angel_One_Limited_2023.0.pdf,,https://nsearchives.nseindia.com/corporate/ANGEL8896_18072024194546_IntimationforfilingofBRSR.pdf
2022.0,3331940.0,,,,,3.923,Anjani_Portland_Cement_Limited_2023.0.pdf,,https://nsearchives.nseindia.com/corporate/APCL_16072024114516_BRSRIntimation.pdf
20.27,337.0,,,,,7.4e-05,Antony_Waste_Handling_Cell_Limited_2023.0.pdf,,https://nsearchives.nseindia.com/corporate/AWHCL_03092024232655_543254BRSR.pdf
230834.0,934968.0,,89315.0,,,0.072426374,Anupam_Rasayan_India_Limited_2023.0.pdf,,https://nsearchives.nseindia.com/corporate/ANURAS_07092024184859_ARILSLDSTX20240907038BRSR.pdf
138620.0,100258.0,5713.0,,,,4.0,APAR_Industries_Limited_2023.0.pdf,,https://nsearchives.nseindia.com/corporate/APARINDS_31072024171002_SubmissionofBRSR.pdf
76278.0,642704.0,5548.0,,,,1.0,Apcotex_Industries_Limited_2023.0.pdf,,https://nsearchives.nseindia.com/corporate/APCOTEXIND_04072024182156_brsrintimationsigned.pdf
0.0,0.0,0.0,,,,0.11,Apeejay_Surrendra_Park_Hotels_Limited_2023.0.pdf,,https://nsearchives.nseindia.com/corporate/ASPHL_07092024135709_BRSR.pdf
59670.31,928.55,3102.23,63701.09,,,0.7922,APEX_FROZEN_FOODS_LIMITED_2023.0.pdf,,https://nsearchives.nseindia.com/corporate/APEX_08092024163022_brsr.pdf
525319.0,662510.0,,,206748.0,,6.0,APL_Apollo_Tubes_Limited_2023.0.pdf,,https://nsearchives.nseindia.com/corporate/APLAPOLLO_31082024115519_SE_APL_BRSR_Report.pdf
519155.67,12889290.75,,,,,0.0016,APOLLO_HOSPITALS_ENTERPRISE_LIMITED_2023.0.pdf,,https://nsearchives.nseindia.com/corporate/APOLLOHOSP_29082024160540_BRSR_FY2024.pdf
751170.3,,,,,,1.0,Apollo_Micro_Systems_Limited_2023.0.pdf,,https://nsearchives.nseindia.com/corporate/APOLLO_04092024180954_BRSR_Report.pdf
101967.0,220534.0,,,,,4.0,Apollo_Pipes_Limited_2023.0.pdf,,https://nsearchives.nseindia.com/corporate/APOLLOPIPE_02092024134845_BRSRStx.pdf
1387013.0,3102802.0,,765648.0,,,10.47,Apollo_Tyres_Limited_2023.0.pdf,,https://nsearchives.nseindia.com/corporate/APOLLOTYRE1_02072024160157_IntimationBRSR02072024.pdf
2837.88,64.694,0.0,0.0,,,5.748,APTECH_LIMITED_2023.0.pdf,,https://nsearchives.nseindia.com/corporate/APTECHT_04092024111422_BRSRUPLOAD.pdf
1041465.0,,,,,,356.91,Aptus_Value_Housing_Finance_India_Limited_2023.0.pdf,,https://nsearchives.nseindia.com/corporate/APTUS_22072024194333_AVH_BRSR_FY24_SD.pdf
18.08,1343.11,,,,,1.0,Archean_Chemical_Industries_Limited_2023.0.pdf,,https://nsearchives.nseindia.com/corporate/ARCHEAN_05062024195630_IntimationBRSR.pdf
2491.31,1.74,,,,,8.9e-09,ARIHANT_CAPITAL_MARKETS_LIMITED_2023.0.pdf,,https://nsearchives.nseindia.com/corporate/ARIHANTCAP_06092024211554_BRSR_FINAL.pdf
695.0,7952.0,0.0,,,,1.0,Arman_Financial_Services_Limited_2023.0.pdf,,https://nsearchives.nseindia.com/corporate/ARMANFIN_05092024160331_BRSR_Covering.pdf
52917.0,8488.0,,,,,2.0,Artemis_Medicare_Services_Limited_2023.0.pdf,,https://nsearchives.nseindia.com/corporate/ARTEMISMED_01072024180334_Business_Responsibility_Sustainability_Report.pdf
4320.0,10.0,,,,,,Arvind_Fashions_Limited_2023.0.pdf,,https://nsearchives.nseindia.com/corporate/ARVINDFASN_24072024205912_Intimation_BRSR.pdf
,,,,,,,ARVIND_LIMITED_2023.0.pdf,,https://nsearchives.nseindia.com/corporate/ARVIND1_09072024150224_4_BRSR_CL.pdf
8121.0,2766.0,,,,,32.42,Arvind_SmartSpaces_Limited_2023.0.pdf,,https://nsearchives.nseindia.com/corporate/539301_27062024172706_ASLBRSR2024.pdf
824339.0,3030824.0,23.0,3855163.0,,,7.033,Asahi_India_Glass_Limited_2023.0.pdf,,https://nsearchives.nseindia.com/corporate/ASAHIINDIA_13082024194211_MR.pdf
172874.94,675313.57,,33895.9,,,1.1435,ASHAPURA_MINECHEM_LIMITED_2023.0.pdf,,https://nsearchives.nseindia.com/corporate/ASHAPURMIN_05092024182151_BRSR20232024.pdf
6686578800000.0,194468400000.0,,6881047200000.0,,,786.83,ASHIANA_HOUSING_LIMITED_2023.0.pdf,,https://nsearchives.nseindia.com/corporate/ASHIANA_16092024172511_BRSRNSE2024SIGNED.pdf
55370.03,1013951.59,,,,,1220.59,ASHOKA_BUILDCON_LIMITED_2023.0.pdf,,https://nsearchives.nseindia.com/corporate/ASHOKA_05092024213022_ABL_BRSR_23_24_AGM_Reg34.pdf
0.0,0.0,0.0,,,,581.05,Ashok_Leyland_Limited_2023.0.pdf,,https://nsearchives.nseindia.com/corporate/ASHOKLEY_03072024122054_BRSR.pdf
65.8,853773.0,,,,,3.0,Asian_Paints_Limited_2023.0.pdf,,https://nsearchives.nseindia.com/corporate/ASIANPAINT_31052024190858_SEIntimationBRSRFilingfinalsigned.pdf
281529.0,190406.0,,,,,38.12,ASK_Automotive_Limited_2023.0.pdf,,https://nsearchives.nseindia.com/corporate/8448091598_27072024200948_BusinessResponsibilityandSustainabilityReportFY202324.pdf
77186484.0,202231195.0,,,,,50851.0,ASTEC_LIFESCIENCES_LIMITED_2023.0.pdf,,https://nsearchives.nseindia.com/corporate/ASTEC_04072024211716_BSENSENoticeofAGM.pdf
217474.0,94423.0,0.0,,,,94.5,Aster_DM_Healthcare_Limited_2023.0.pdf,,https://nsearchives.nseindia.com/corporate/ASTERDM2_07082024140453_tofilebrsr.pdf
446089.94,68233.05,0.0,,,,6.0,Astral_Limited_2023.0.pdf,,https://nsearchives.nseindia.com/corporate/ASTRAL_25072024232126_BRSRSigned.pdf
1446.48,5191.0,0.0,,,,0.08,AstraZeneca_Pharma_India_Limited_2023.0.pdf,,https://nsearchives.nseindia.com/corporate/ASTRAZEN_27072024154755_AZPIL_BRSR_2024.pdf
13676.97,1396.26,,,,,5.11162e-05,ASTRA_MICROWAVE_PRODUCTS_LIMITED_2023.0.pdf,,https://nsearchives.nseindia.com/corporate/ASTRAMICRO_02082024153227_AstraBRSRReport02082024.pdf
315711.0,9088318.0,,,,,20.93,Atul_Limited_2023.0.pdf,,https://nsearchives.nseindia.com/corporate/ATUL1_13072024160024_BRSR.pdf
3339113.08,56176.73,,,,,0.0086,Aurionpro_Solutions_Limited_2023.0.pdf,,https://nsearchives.nseindia.com/corporate/AURIONPRO91_04092024200336_ASL_BRSR_SE_2023_24.pdf
2336596.0,4682678.0,,,,,1.0,Aurobindo_Pharma_Limited_2023.0.pdf,,https://nsearchives.nseindia.com/corporate/AUROPHARMA_05082024190709_LtrToSEsBRSR0582024.pdf
,,,,,,1.0,Authum_Investment_&_Infrastructure_Limited_2023.0.pdf,,https://nsearchives.nseindia.com/corporate/Authum123_06092024163346_SE_Intimation_BRSR_Upload.pdf
68483.6,8281.9,,,,,1.17e-05,AUTOLINE_INDUSTRIES_LIMITED_2023.0.pdf,,https://nsearchives.nseindia.com/corporate/AUTOIND_06092024141612_BRSRwithCoveringLettersd.pdf
31267501.0,109064326.0,0.0,74548800.0,,,43.0,Automotive_Axles_Limited_2023.0.pdf,,https://nsearchives.nseindia.com/corporate/AUTOAXLES_13072024144106_CoverBRSR12072024.pdf
42771.0,910.0,0.0,43681.0,,,52.74,Automotive_Stampings_and_Assemblies_Limited_2022.0.pdf,,https://nsearchives.nseindia.com/corporate/ASAL_15062024221913_ASALBRSRIntimation.pdf
42771.0,910.0,0.0,43681.0,,,52.74,Automotive_Stampings_and_Assemblies_Limited_2022.0.pdf,,https://nsearchives.nseindia.com/corporate/ASAL_23012024115702_Intimation.pdf
39595.0,5317.0,,,,,0.0001319,Automotive_Stampings_and_Assemblies_Limited_2023.0.pdf,,https://nsearchives.nseindia.com/corporate/ASAL_15062024221913_ASALBRSRIntimation.pdf
39595.0,5317.0,,,,,0.0001319,Automotive_Stampings_and_Assemblies_Limited_2023.0.pdf,,https://nsearchives.nseindia.com/corporate/ASAL_23012024115702_Intimation.pdf
2474.1,3271.7,,,,,13.2,Avadh_Sugar_&_Energy_Limited_2023.0.pdf,,https://nsearchives.nseindia.com/corporate/AVADHSUGAR_15072024131312_AVADH_BRSR.pdf
12405225.6,383648000.0,,,,,199.2,Avalon_Technologies_Limited_2023.0.pdf,,https://nsearchives.nseindia.com/corporate/AVALON2022_31082024192509_AVALONBRSR2324.pdf
185242.85,71906.15,,173534.12,,,0.8,Avanti_Feeds_Limited_2023.0.pdf,,https://nsearchives.nseindia.com/corporate/AVANTIFEEDS_12072024192527_BRSR.pdf
868987.0,72906.0,146208.0,,,,492.4,Avenue_Supermarts_Limited_2023.0.pdf,,https://nsearchives.nseindia.com/corporate/DMART_25072024185715_SEIntimationBRSR.pdf
59845.0,4554.0,0.0,,,,59845.0,AVT_NATURAL_PRODUCTS_LIMITED_2023.0.pdf,,https://nsearchives.nseindia.com/corporate/AVTNPL_18072024183446_BRSR202324.pdf
7555.84,130.81,,,,,3.85,AXISCADES_Technologies_Limited_2023.0.pdf,,https://nsearchives.nseindia.com/corporate/AXISCADES_26082024145936_AxiscadesBRSRFY24.pdf
752.6,101.53,0.0,,,,8.61,Axis_Bank_Limited_2023.0.pdf,,https://nsearchives.nseindia.com/corporate/AXISBANK1_02072024133842_SEIntimationBRSR.pdf
0.0,0.0,,,,,1.0,Azad_Engineering_Limited_2023.0.pdf,,https://nsearchives.nseindia.com/corporate/AZAD2356_06092024231148_DSC.pdf
352512263.0,323154277.0,,,,,16234.0,BAJAJ_AUTO_LIMITED_2023.0.pdf,,https://nsearchives.nseindia.com/corporate/lkwalimbe_bajajauto_co_in_21062024190847_BRSR.pdf
2768.0,593.0,0.0,,,,1.0,Bajaj_Consumer_Care_Limited_2023.0.pdf,,https://nsearchives.nseindia.com/corporate/BAJAJCON_25072024131303_BCCL_BRSR_2023_24.pdf
19707.11,25182.15,4985.93,,,,0.003,BAJAJ_ELECTRICALS_LIMITED_2023.0.pdf,,https://nsearchives.nseindia.com/corporate/BAJAJELEC_11072024171707_SignedFSEIntimationBRSR.pdf
145867.16,47834.12,,,,,3.56,Bajaj_Finance_Limited_2023.0.pdf,,https://nsearchives.nseindia.com/corporate/BAJFINANCE_27062024113554_BSENSE_BRSR_Intimation_FY24_Final.pdf
212465.0,55402.0,8.0,,,,2.45,Bajaj_Finserv_Limited_2023.0.pdf,,https://nsearchives.nseindia.com/corporate/walimbelk_28062024180704_BFSSELetterBRSRFY2024uploading.pdf
56323.0,321253.0,0.0,,,,173.5890091,Bajaj_Healthcare_Limited_2023.0.pdf,,https://nsearchives.nseindia.com/corporate/BAJAJHCARE_06092024234920_BRSRBHL.pdf
45803.7152,27511.7051,,,,,1.0,Bajaj_Hindusthan_Sugar_Limited_2023.0.pdf,,https://nsearchives.nseindia.com/corporate/BAJAJNEAPS1_31052024152336_Business_Responsibility_Sustainability_Report_31032024.pdf
584.0,,,,,,7.61,Bajaj_Holdings_&_Investment_Limited_2023.0.pdf,,https://nsearchives.nseindia.com/corporate/BAJAJHLDNG_27062024141852_BHILIntimationBRSR.pdf
7958.0,36066.0,,,,,8.7,Bajel_Projects_Limited_2023.0.pdf,,https://nsearchives.nseindia.com/corporate/BAJEL_30072024163452_BRSR29072024sign.pdf
34921250.0,97462.0,85.0,,,,0.3856,Balaji_Amines_Limited_2023.0.pdf,,https://nsearchives.nseindia.com/corporate/BALAMINES_25062024163121_BRSR.pdf
,,,133.81,,,1.0,Balaxi_Pharmaceuticals_Limited_2023.0.pdf,,https://nsearchives.nseindia.com/corporate/BALAXI_31072024174248_Intimation.pdf
393177.0,6306710.0,,,,,15.43,BALKRISHNA_INDUSTRIES_LIMITED_2023.0.pdf,,https://nsearchives.nseindia.com/corporate/BALKRISIND_04072024115514_CoveringletterBRSRcombinedsigned.pdf
57.24,19417.7,0.0,,,,,Balmer_Lawrie_&_Company_Limited_2023.0.pdf,,https://nsearchives.nseindia.com/corporate/BALMLAWRIE_03092024194033_FinalSEBRSR23_24BL.pdf
3.0,,,,,,2.744,Balrampur_Chini_Mills_Limited_2023.0.pdf,,https://nsearchives.nseindia.com/corporate/BALRAMPURC_10072024001108_BCML_BRSR_2324.pdf
64298.0,5852.0,,,,,1.81,BALU_FORGE_INDUSTRIES_LIMITED_2023.0.pdf,,https://nsearchives.nseindia.com/corporate/BALUFORGE_06092024232849_BRSR.pdf
,,,,,,,BANARAS_BEADS_LIMITED_2023.0.pdf,,https://nsearchives.nseindia.com/corporate/BANARBEADS_28062024163618_BRS.pdf
50817.61,1174.73,,,,,0.062,BANCO_PRODUCTS_(I)_LIMITED_2023.0.pdf,,https://nsearchives.nseindia.com/corporate/BANCOINDIA_22082024143607_BSENSE_BRSRDSC.pdf
6.085,0.006,,,,,1.0,Bandhan_Bank_Limited_2023.0.pdf,,https://nsearchives.nseindia.com/corporate/BANDHANBNK_29072024184908_Annual_Report_FY_2023_24_Bandhan_Bank.pdf
987447.27,72475.68,,,,,2.16690982e-05,Bank_of_Baroda_2023.0.pdf,,https://nsearchives.nseindia.com/corporate/BANKBARODA_11062024131139_NSEBRSR1006.pdf
417109.1,27829.2,,,,,,BANK_OF_INDIA_2023.0.pdf,,https://nsearchives.nseindia.com/corporate/BANKINDIA2_03062024191356_BRSR.pdf
159376.5,5389.2,,,,,,BANK_OF_MAHARASHTRA_2023.0.pdf,,https://nsearchives.nseindia.com/corporate/MAHABANK_27052024171725_LettertoSE_BRSR.pdf
34160.0,1358683.0,0.0,,,,25.3,BANNARI_AMMAN_SUGARS_LIMITED_2023.0.pdf,,https://nsearchives.nseindia.com/corporate/BANARISUG_30082024173001_BRSR2024SE.pdf
117994.0,54712.0,,,,,76.9,Barbeque_Nation_Hospitality_Limited_2023.0.pdf,,https://nsearchives.nseindia.com/corporate/BARBEQUE_17072024163442_SubmissionOfBRSRFY24.pdf
69794.6,41246.7,74523.6,,,,1.5324914,BASF_India_Limited_2023.0.pdf,,https://nsearchives.nseindia.com/corporate/BASFIL_09072024141801_SEletterBRSRsigned.pdf
26549.75,6745.07,,,,,,Bata_India_Limited_2023.0.pdf,,https://nsearchives.nseindia.com/corporate/BATAINDIA_15072024192356_BRSR2024.pdf
226888560.0,2471235155.0,,,,,0.2039507108,BCL_INDUSTRIES_LIMITED_2023.0.pdf,,https://nsearchives.nseindia.com/corporate/BCLIND_23082024172531_BRSR.pdf
42585212.0,9865693.0,0.0,,,,30155.0,BEML_Limited_2023.0.pdf,,https://nsearchives.nseindia.com/corporate/BEML_29082024161922_BRSRFullSigned.pdf
148849387.0,67696934.0,0.0,,,,552.955,BERGER_PAINTS_(I)_LIMITED_2023.0.pdf,,https://nsearchives.nseindia.com/corporate/PAINTBERGE_20072024182506_BRSRfinal.pdf
,,,,,,1.0,BEST_AGROLIFE_LIMITED_2023.0.pdf,,https://nsearchives.nseindia.com/corporate/BESTAGRO_06092024201633_BRSR.pdf
,,,,,,1.0,BF_INVESTMENT_LIMITED_2023.0.pdf,,https://nsearchives.nseindia.com/corporate/BFINVEST_08072024132822_BRSR_BFIL_08072024.pdf
,461859.0,,92261.0,,,0.0,Bhageria_Industries_Limited_2023.0.pdf,,https://nsearchives.nseindia.com/corporate/BHAGERIA_09082024212533_bsensebrmerged.pdf
109540.0,356451.0,,465991.0,,,1145.0,BHAGIRADHA_CHEMICALS_&_INDUSTRIES_LIMITED_2023.0.pdf,,https://nsearchives.nseindia.com/corporate/BHAGCHEM_17072024174553_seinitmation.pdf
122756612.0,71557694.0,,,,,0.0265,Bhansali_Engineering_Polymers_Limited_2023.0.pdf,,https://nsearchives.nseindia.com/corporate/BEPL_12062024180413_BRSR202324Signed.pdf
33790896.0,20477109.46,0.0,0.0,,,183.74,Bharat_Bijlee_Limited_2023.0.pdf,,https://nsearchives.nseindia.com/corporate/BBL_06082024175957_BBlBRSR20232024.pdf
70721.0,2218.0,15027.0,15027.0,,,4.425236592145856,Bharat_Dynamics_Limited_2023.0.pdf,,https://nsearchives.nseindia.com/corporate/BDL_04092024115754_BRSRBDLSE04092024.pdf
127068.04,1658.3,74709.0,,,,6.0,Bharat_Electronics_Limited_2023.0.pdf,,https://nsearchives.nseindia.com/corporate/BEL_05082024203715_SignedNSE.pdf
847582.0,10.0,0.0,552233.0,,,9.98,Bharat_Forge_Limited_2023.0.pdf,,https://nsearchives.nseindia.com/corporate/ANILSHINDE_16072024190735_SEIntimationBRSRsigned.pdf
879106.76,1642736.83,,,,,252.61,BHARAT_HEAVY_ELECTRICALS_LIMITED_2023.0.pdf,,https://nsearchives.nseindia.com/corporate/BHEL_30072024171011_lettertoSEBRSRcorrection300724.pdf
4135.52,122619.99,0.0,,,,,Bharat_Petroleum_Corporation_Limited_2023.0.pdf,,https://nsearchives.nseindia.com/corporate/BPCL22_08082024183607_1stexchbrsr1.pdf
33391647.0,189767.0,,,,,4360.48,BHARAT_RASAYAN_LIMITED_2023.0.pdf,,https://nsearchives.nseindia.com/corporate/BHARATRAS_22082024142414_Annual_Report_31_03_2024__BHARATRAS.pdf
,82.656,28262.099,,,,1.0,BHARAT_WIRE_ROPES_LIMITED_2023.0.pdf,,https://nsearchives.nseindia.com/corporate/BHARATWIRE_30082024195207_BRSR.pdf
2367025.0,228335.0,,,,,0.04,Bharti_Airtel_Limited_2023.0.pdf,,https://nsearchives.nseindia.com/corporate/BHARTIARTL_30072024193008_SignedSTXIntimationBRSR.pdf
671807.0,289882.0,,,,,0.17,Bharti_Hexacom_Limited_2023.0.pdf,,https://nsearchives.nseindia.com/corporate/HexacomApril20_09082024120901_BHL_BRSRsigned.pdf
6500.0,128.0,0.0,6628.0,,,1.0,BIGBLOC_CONSTRUCTION_LIMITED_2023.0.pdf,,https://nsearchives.nseindia.com/corporate/BIGBLOC_05082024183855_BRSR.pdf
68922.17,405288.0,0.0,,,,4.24,BIKAJI_FOODS_INTERNATIONAL_LIMITED_2023.0.pdf,,https://nsearchives.nseindia.com/corporate/BIKAJIFOODS_03092024125602_60.pdf
,151298.0,,,,,302.0,Biocon_Limited_2023.0.pdf,,https://nsearchives.nseindia.com/corporate/BioconLtd_18072024220510_Biocon_AGM_Intimation_SEs.pdf
17805.0,8245.0,100.0,100.0,,,2.0,Birlasoft_Limited_2023.0.pdf,,https://nsearchives.nseindia.com/corporate/BSOFT_09072024135105_SEIntimationBRSR.pdf
,,,,,,,Birla_Corporation_Limited_2023.0.pdf,,https://nsearchives.nseindia.com/corporate/BIRLACORP1_12072024212507_BRSR_Intimation.pdf
25569.0,1903281.0,,,,,0.00068,Black_Box_Limited_2023.0.pdf,,https://nsearchives.nseindia.com/corporate/BBOX_02092024184652_SEBRSR202324.pdf
27737332.0,4812485.0,,18480854.0,,,0.0366,BLISS_GVS_PHARMA_LIMITED_2023.0.pdf,,https://nsearchives.nseindia.com/corporate/BLISSGVS_03072024201233_IntimationofBRSR.pdf
1060933.0,,,,,,267.46,BLS_E-SERVICES_LIMITED_2023.0.pdf,,https://nsearchives.nseindia.com/corporate/PROJECTSEWA_17082024163150_Intimation_of_BRSR_BLSE_Services_2023_24.pdf
,,,,,,,BLS_International_Services_Limited_2023.0.pdf,,https://nsearchives.nseindia.com/corporate/BLS_20082024182330_IntimationBRSR19082024.pdf
69090843.17,7183625.54,,51481.44,50.0,,1.0,Blue_Dart_Express_Limited_2023.0.pdf,,https://nsearchives.nseindia.com/corporate/BLUEDART_25062024195742_SELETTERBRSR2506.pdf
698.0,698.0,698.0,,,,21.83,Blue_Jet_Healthcare_Limited_2023.0.pdf,,https://nsearchives.nseindia.com/corporate/BLUEJET_02092024205806_brsr.pdf
72744.05,33107.19,0.0,,,,0.100806143,Blue_Star_Limited_2023.0.pdf,,https://nsearchives.nseindia.com/corporate/BLUESTARCO_13072024205149_BRSRSEIntimation.pdf
,,,,,,,BODAL_CHEMICALS_LIMITED_2023.0.pdf,,https://nsearchives.nseindia.com/corporate/BODALCHEM_31082024151553_Bodal_Chem_31_08_2024_BRSR.pdf
21920283.36,167642032.0,,,,,1.7,Bombay_Burmah_Trading_Corporation_Limited_2023.0.pdf,,https://nsearchives.nseindia.com/corporate/KML_23072024162359_SEIntimation_BRSR.pdf
184028490.8,1079524830.0,0.0,95135.94,,,0.0,BOMBAY_DYEING_&_MFG_COMPANY_LIMITED_2023.0.pdf,,https://nsearchives.nseindia.com/corporate/Savita_12072024221157_BDMC_coveringletter_BRSR_signed.pdf
194.0,85153.36,,,,,6.4,Borosil_Limited_2023.0.pdf,,https://nsearchives.nseindia.com/corporate/SIDBOROLTD_02092024213710_IntimationBRSR.pdf
378393.49,1861662.2,,,,,487.37,Borosil_Renewables_Limited_2023.0.pdf,,https://nsearchives.nseindia.com/corporate/BORORENEW1_02082024122848_BRSRIntimation.pdf
0.0,88924464000000.0,0.0,582001416000000.0,,,1.11,BOSCH_LIMITED_2023.0.pdf,,https://nsearchives.nseindia.com/corporate/BOSCHLTD2024_10072024164042_LettertoSEBRSR2024.pdf
309701633760000.0,81430430339160.0,0.0,,,,0.0,Brigade_Enterprises_Limited_2023.0.pdf,,https://nsearchives.nseindia.com/corporate/BRIGADE_15072024174935_SEIntimationBRSR.pdf
333880.0,1441966.0,0.0,,,,2.95,Britannia_Industries_Limited_2023.0.pdf,,https://nsearchives.nseindia.com/corporate/BRITANNIA1_19072024002136_BRSR_Signed.pdf
48343489.2,,,,,,1.0,BSE_Limited_2023.0.pdf,,https://nsearchives.nseindia.com/corporate/BSE_20062024151526_BRSR2324.pdf
20388.0,3909.0,,,,,1.0,Butterfly_Gandhimathi_Appliances_Limited_2023.0.pdf,,https://nsearchives.nseindia.com/corporate/BUTTERFLY_22062024144359_SEIntimationforAnnualReportdispatch_signed.pdf
3604.66,122.96,,3727.62,,,1.0,C.E._INFO_SYSTEMS_LIMITED_2023.0.pdf,,https://nsearchives.nseindia.com/corporate/MAPMYINDIA_17072024174639_MMI_BRSR_FY2024.pdf
121.27,1062.47,,,,,0.1049,Camlin_Fine_Sciences_Limited_2023.0.pdf,,https://nsearchives.nseindia.com/corporate/CAMLINFINE_09072024093900_BRSR.pdf
68409.82,7530.4,,,,,0.0038,Campus_Activewear_Limited_2023.0.pdf,,https://nsearchives.nseindia.com/corporate/CAMPUSSHOES_03092024173043_BRSR.pdf
855986.45,498321.452,0.0,6997.83,,,1.0,Canara_Bank_2023.0.pdf,,https://nsearchives.nseindia.com/corporate/CANBK_31052024191623_BRSR310524SIGN.pdf
10911908.0,13034.0,0.0,,,,0.0,Cantabil_Retail_India_Limited_2023.0.pdf,,https://nsearchives.nseindia.com/corporate/CANTABIL_22082024203149_BRSR2024.pdf
9.73,770.41,,,,,0.051,Can_Fin_Homes_Limited_2023.0.pdf,,https://nsearchives.nseindia.com/corporate/CANFINHOME_12072024223154_CANFINHOME_BRSR_2024.pdf
63739831.0,49865231.0,,,,,13625.0,CAPACITE_INFRAPROJECTS_LIMITED_2023.0.pdf,,https://nsearchives.nseindia.com/corporate/CAPACITE_04092024234110_IntimationBRSR2324.pdf
70514511.59,82866984.95,,25444836.0,,,0.12,Caplin_Point_Laboratories_Limited_2023.0.pdf,,https://nsearchives.nseindia.com/corporate/CAPLINPOINT_06092024204807_BRSRintimation060924.pdf
24026.78,,,,,,30.18,CAPRI_GLOBAL_CAPITAL_LIMITED_2023.0.pdf,,https://nsearchives.nseindia.com/corporate/CGCL_28082024143233_BRSR_PDF_Final_signed.pdf
694.0,512.0,0.0,,,,1.0,Carborundum_Universal_Limited_2023.0.pdf,,https://nsearchives.nseindia.com/corporate/CARBORUNIV_11072024125858_brsr_intimation_sd.pdf
5258.0,177.32,0.0,,,,9.09,CARE_Ratings_Limited_2023.0.pdf,,https://nsearchives.nseindia.com/corporate/CARERATINGS_14062024220923_CAREBRSR.pdf
2325.0,13.0,,,,,2.39,CARTRADE_TECH_LIMITED_2023.0.pdf,,https://nsearchives.nseindia.com/corporate/CARTRADE_05092024184012_Final_Covering_letter_for_BRSR.pdf
22770907.0,29460154.0,,,,,0.0146928008,Carysil_Limited_2023.0.pdf,,https://nsearchives.nseindia.com/corporate/ACRYSIL_02092024213149_BRSRIntimationSigned.pdf
8848.0,12385.0,,,,,1.0,Castrol_India_Limited_2023.0.pdf,,https://nsearchives.nseindia.com/corporate/CASTROLINDIA_29022024165402_SE_Intimation_BRSRFY2023_29022024.pdf
167149951.0,12252966356.0,,2987262.0,,,709047.52,CCL_PRODUCTS_(INDIA)_LIMITED_2023.0.pdf,,https://nsearchives.nseindia.com/corporate/CCL_29082024231004_BRSR.pdf
703854.0,,0.0,,152311.0,,302.0,CEAT_Limited_2023.0.pdf,,https://nsearchives.nseindia.com/corporate/CEATLTD_01082024185433_CEATSELetterNoticeandIntegratedARFY24.pdf
1619.26,649.93,0.0,,,,1.0,CELLO_WORLD_LIMITED_2023.0.pdf,,https://nsearchives.nseindia.com/corporate/CELLO2023_18072024220732_IntimationforBRSR.pdf
702.0,,,702.0,,,1.0,Central_Bank_of_India_2023.0.pdf,,https://nsearchives.nseindia.com/corporate/CENTRALBK_25062024173149_Final_BRSR_Report_2024.pdf
513434000.0,0.0029411765,0.0,,,,0.0,Central_Depository_Services_(India)_Limited_2023.0.pdf,,https://nsearchives.nseindia.com/corporate/CDSL_26072024145355_BRSRSEIntimaitonNSE26072024.pdf
339.01,0.0,,339.01,,,0.06,Centrum_Capital_Limited_2023.0.pdf,,https://nsearchives.nseindia.com/corporate/CENTRUM_09072024112645_BSENSEIntimation_BRSR.pdf
2335.11,517.32,11147.4,,,,0.0275374,Centum_Electronics_Limited_2023.0.pdf,,https://nsearchives.nseindia.com/corporate/CENTUME_16072024200430_BRSRIntimation.pdf
580602.67,211235.64,0.0,,,,21.95,Century_Enka_Limited_2023.0.pdf,,https://nsearchives.nseindia.com/corporate/CENTURYENKA_08082024192351_CL_BRSR_signed.pdf
372508.19,323577.16,,962542.38,,,3.52,Century_Plyboards_(India)_Limited_2023.0.pdf,,https://nsearchives.nseindia.com/corporate/CENTURYPLY_30082024203945_CPIL_Reg34_BRSR.pdf
235.77,10539.32,,,,,0.00013,Century_Textiles_&_Industries_Limited_2023.0.pdf,,https://nsearchives.nseindia.com/corporate/CENTURYTEX_01072024144643_FinalBRSR.pdf
74.0,327863.0,,52112.0,,,14.95,Cera_Sanitaryware_Limited_2023.0.pdf,,https://nsearchives.nseindia.com/corporate/CERA_14062024165940_CERABRSR14062024s.pdf
64162.48,62816233.88,,1156.89,,,,CESC_Limited_2023.0.pdf,,https://nsearchives.nseindia.com/corporate/CESC_27072024223208_1.pdf
124830.0,,0.0,,,,4.0,CG_Power_and_Industrial_Solutions_Limited_2023.0.pdf,,https://nsearchives.nseindia.com/corporate/CGPOWER_29062024232811_Disclosure_BRSR_2023_24_final.pdf
71072.52,85668.79,,,,,0.24,Chalet_Hotels_Limited_2023.0.pdf,,https://nsearchives.nseindia.com/corporate/CHALET_16072024155604_Regulation34BRSR15072024.pdf
3746215.62,2383172.93,,16263983.81,,,1.0,CHAMAN_LAL_SETIA_EXPORTS_LIMITED_2023.0.pdf,,https://nsearchives.nseindia.com/corporate/CLSEL_09092024164209_BRSR202324.pdf
23607684.0,1611200.0,104924293.0,,,,14387.37,CHEMCON_SPECIALITY_CHEMICALS_LIMITED_2023.0.pdf,,https://nsearchives.nseindia.com/corporate/CHEMCON_03092024192440_BRSR2024uploaded03092024.pdf
339141.2,5433658.7,36.0,,,,18.21,Chemplast_Sanmar_Limited_2023.0.pdf,,https://nsearchives.nseindia.com/corporate/CHEMPLASTS_13072024141012_InitmationCSLBRSR2024.pdf
17472.55,21722.95,,,,,3.38,CHENNAI_PETROLEUM_CORPORATION_LIMITED_2023.0.pdf,,https://nsearchives.nseindia.com/corporate/CHENNPETRO_14072024220656_BRSR.pdf
689736.0,,,689736.0,,,1.0,Choice_International_Limited_2023.0.pdf,,https://nsearchives.nseindia.com/corporate/CHOICE_30082024180640_upload.pdf
86509.0,5076.0,0.0,,,,1.0,Cholamandalam_Financial_Holdings_Limited_2023.0.pdf,,https://nsearchives.nseindia.com/corporate/CHOLAHLDNG_18072024205907_SEIntimation.pdf
71497.37,5076.04,0.0,,,,6.0,Cholamandalam_Investment_and_Finance_Company_Limited_2023.0.pdf,,https://nsearchives.nseindia.com/corporate/lakshmits_04072024235557_SE_LetterBRSR_report_2024.pdf
110254708.7,47354735.98,0.0,,2023.0,,1.0,CIE_Automotive_India_Limited_2023.0.pdf,,https://nsearchives.nseindia.com/corporate/MAHINDRACIE_23052024234337_CIEIndiaBRSR.pdf
7764.0,856.0,,,,,3.0,Cigniti_Technologies_Limited_2023.0.pdf,,https://nsearchives.nseindia.com/corporate/CIGNITITEC_28082024171245_BRSRtoSE.pdf
903539.0,531498.0,,,,,127.62,Cipla_Limited_2023.0.pdf,,https://nsearchives.nseindia.com/corporate/CIPLA_26072024213241_CiplaBRSRFY202324signed.pdf
132552.33,35781.06,,,,,0.012,CITY_UNION_BANK_LIMITED_2023.0.pdf,,https://nsearchives.nseindia.com/corporate/CUB_30072024191836_BRSRREPORT2024.pdf
37809.0,1056834.0,31869.0,72513.0,,,66.901,Clean_Science_and_Technology_Limited_2023.0.pdf,,https://nsearchives.nseindia.com/corporate/CLEAN_09082024180432_BRSR_CSTL.pdf
78522.0,412156.0,,,,,121.46,CMS_Info_Systems_Limited_2023.0.pdf,,https://nsearchives.nseindia.com/corporate/CMSINFO_15072024223141_BRSRCMS2024sd.pdf
15385001.13,1816415.201,,,,,22328.48,COAL_INDIA_LIMITED_2023.0.pdf,,https://nsearchives.nseindia.com/corporate/COALINDIA_27072024144017_brsrfinal.pdf
114729.02,16598.63,0.0,,,,7.831145524e-05,Cochin_Shipyard_Limited_2023.0.pdf,,https://nsearchives.nseindia.com/corporate/Aswi4739_07092024145150_SE_Intimation_BRSR_2024.pdf
,,,,,,598.0,Coforge_Limited_2023.0.pdf,,https://nsearchives.nseindia.com/corporate/COFORGE_01082024192514_BRSR_Intimation.pdf
142876.8,39875.25,,,,,1.69,Colgate_Palmolive_(India)_Limited_2023.0.pdf,,https://nsearchives.nseindia.com/corporate/CPIL_02072024165347_SEIntimationBRSR.pdf
23290.79,688.79,0.0,24217.98,,,2.05,Computer_Age_Management_Services_Limited_2023.0.pdf,,https://nsearchives.nseindia.com/corporate/Keerthana_07062024193451_BRSR.pdf
,280971.46,,,,,1.0,Concord_Biotech_Limited_2023.0.pdf,,https://nsearchives.nseindia.com/corporate/CONCORD_07062024182157_BRSRReport.pdf
,,,,,,1.0,CONFIDENCE_PETROLEUM_INDIA_LIMITED_2023.0.pdf,,https://nsearchives.nseindia.com/corporate/CONFIPET_10092024204751_CPILBRSR202324.pdf
80970.5,360634.36,,,,,,Container_Corporation_of_India_Limited_2023.0.pdf,,https://nsearchives.nseindia.com/corporate/CONCOR_30082024181906_BRSR_2324.pdf
3448677.6,98789793.43,0.0,0.0,,,9.05,Control_Print_Limited_2023.0.pdf,,https://nsearchives.nseindia.com/corporate/CONTROLPR_18072024184721_intimationBRSRSD.pdf
792989.94,1515204.0,0.0,,,,0.58,COROMANDEL_INTERNATIONAL_LIMITED_2023.0.pdf,,https://nsearchives.nseindia.com/corporate/COROMANDELINT_16072024221349_SEIntimationBRSR_FY2324_Sd.pdf
675144331.0,409424781.0,,,60.0,,7777.0,COSMO_FIRST_LIMITED_2023.0.pdf,,https://nsearchives.nseindia.com/corporate/COSMOFILMS_09072024165337_Intimation_BRSR.pdf
425585570.7,10339377.34,119796399.7,,,,17.32,Craftsman_Automation_Limited_2023.0.pdf,,https://nsearchives.nseindia.com/corporate/CRAFTSMAN_12072024145524_BRSRupdatednseIntimation.pdf
21590.0,229434.0,,251024.0,,,4853.0,CreditAccess_Grameen_Limited_2023.0.pdf,,https://nsearchives.nseindia.com/corporate/CREDITACC_17072024152205_CAGL_BRSRReport_16072024.pdf
9053.0,1283.0,0.0,,,,2.0,CRISIL_Limited_2023.0.pdf,,https://nsearchives.nseindia.com/corporate/CRISIL_22032024201322_SignedBSENSEfinal.pdf
32144.89,7007.7,,,,,0.0,Crompton_Greaves_Consumer_Electricals_Limited_2023.0.pdf,,https://nsearchives.nseindia.com/corporate/Crompton123_14062024143622_BRSR.pdf
69712.0,63914.0,0.0,,,,38.05,CSB_Bank_Limited_2023.0.pdf,,https://nsearchives.nseindia.com/corporate/CSBBANK_31072024210356_BSENSECSBBRSR2024f.pdf
,,,,,,,Cummins_India_Limited_2023.0.pdf,,https://nsearchives.nseindia.com/corporate/CUMMINSIND_12072024211154_SignedSEIntimationBRSRCombined.pdf
36020098.44,22090475.85,0.0,2497575.6,,,0.12,CUPID_LIMITED_2023.0.pdf,,https://nsearchives.nseindia.com/corporate/CUPID_03092024182713_BRSR_2023_24.pdf
,148.0,,,,,1.0,Cyient_DLM_Limited_2023.0.pdf,,https://nsearchives.nseindia.com/corporate/9880504433_12092024110448_DLM_BRSR_FY24.pdf
76874.0,12035.0,,,,,4.0,D.B.Corp_Limited_2023.0.pdf,,https://nsearchives.nseindia.com/corporate/DBCORP_08082024223057_DBCLBRSR.pdf
11.28,0.32,0.0,11.6,,,1.0,D._P._Abhushan_Limited_2023.0.pdf,,https://nsearchives.nseindia.com/corporate/DPABHUSHAN_05092024205033_BRSR.pdf
248955.0,112767.0,,370987.0,12.8,,,Dabur_India_Limited_2023.0.pdf,,https://nsearchives.nseindia.com/corporate/DABURIN_10072024161145_BRSRLetter.pdf
2143.0,52552.0,,,,,2.54,Dalmia_Bharat_Limited_2023.0.pdf,,https://nsearchives.nseindia.com/corporate/DALBHARAT_05062024163141_SEIntimationBRSR2324.pdf
0.0,0.0,8929164.0,,,,0.0,Dalmia_Bharat_Sugar_and_Industries_Limited_2023.0.pdf,,https://nsearchives.nseindia.com/corporate/DALMIACEM_18062024163948_DBSILSEIntimationBRSR.pdf
19009.43,658.63,,,,,,Datamatics_Global_Services_Limited_2023.0.pdf,,https://nsearchives.nseindia.com/corporate/DGSL_10072024190644_BRSR.pdf
11634.0,3392.0,,,,,64750.32,Data_Patterns_(India)_Limited_2023.0.pdf,,https://nsearchives.nseindia.com/corporate/Datapatterns_05072024201414_SubmissionofBRSR.pdf
76376.0,8722.0,,265.0,,,4.0,DCB_Bank_Limited_2023.0.pdf,,https://nsearchives.nseindia.com/corporate/Priyeshjain_13062024153540_BRSR.pdf
316779.12,51.91,0.0,,,,4e-05,DCM_NOUVELLE_LIMITED_2023.0.pdf,,https://nsearchives.nseindia.com/corporate/DCMNVL_23082024162716_IntimationofBRSR_23082024_final.pdf
100224795.0,0.0,487958171.0,8109015393.0,,,1.0,DCM_Shriram_Industries_Limited_2023.0.pdf,,https://nsearchives.nseindia.com/corporate/DCMSRIND_10072024113956_BRSRFinal.pdf
2.0,,,,,,14.07,DCM_Shriram_Limited_2023.0.pdf,,https://nsearchives.nseindia.com/corporate/DCMSHRIRAM_14062024190438_StockExchangeIntimationBRSRFinal.pdf
242165178.0,6012546238.9,,,,,7.486635,DCW_Limited_2023.0.pdf,,https://nsearchives.nseindia.com/corporate/DCW_03092024190314_Intimation_BRSR.pdf
1049.9,194.44,,,,,2e-06,DCX_Systems_Limited_2023.0.pdf,,https://nsearchives.nseindia.com/corporate/DCX_2022_03092024173745_BRSR.pdf
18269.44,2157020.85,0.0,,1.0,,2.0,DEEPAK_FERTILIZERS_AND_PETROCHEMICALS_CORPORATION_LIMITED_2023.0.pdf,,https://nsearchives.nseindia.com/corporate/DEEPAKFERT2_17082024220817_BRSRSubmissionReg34.pdf
352823.79,1754346.79,0.0,,,,8.8035,Deepak_Nitrite_Limited_2023.0.pdf,,https://nsearchives.nseindia.com/corporate/DEEPAKNTR_15072024204734_DNLBRSR202324.pdf
814.84,114141.0,,114955.84,,,1.0,Deep_Industries_Limited_2023.0.pdf,,https://nsearchives.nseindia.com/corporate/DEEPINDS_20062024160752_BRSR.pdf
29879.0,23414.0,0.0,53293.0,,,6.6,DEE_Development_Engineers_Limited_2023.0.pdf,,https://nsearchives.nseindia.com/corporate/DDEL_03092024212738_NSEBSESIGNED.pdf
73869.24,655484.42,,,,,254.43,Delhivery_Limited_2023.0.pdf,,https://nsearchives.nseindia.com/corporate/DELHIVERYLTD_08082024181254_BRSR_Intimation.pdf
27091.7,66306.2,,,,,1.0,Delta_Corp_Limited_2023.0.pdf,,https://nsearchives.nseindia.com/corporate/DELTACORP_29072024192914_DCL.pdf
18827.56,493.18,0.0,,,,42.72,DEN_Networks_Limited_2023.0.pdf,,https://nsearchives.nseindia.com/corporate/DEN_25082024135711_BRSR250824Gt.pdf
370131.0,368533.0,0.0,,,,45.18,Devyani_International_Limited_2023.0.pdf,,https://nsearchives.nseindia.com/corporate/DEVYANI_12062024183201_SE_intimation_BRSR_sd.pdf
13359.0,36582.0,,,,,14.1,Dhampur_Bio_Organics_Limited_2023.0.pdf,,https://nsearchives.nseindia.com/corporate/DBOLTD_13062024112729_BRSR_DBOtoSE.pdf
,,,,,,,DHAMPUR_SUGAR_MILLS_LIMITED_2023.0.pdf,,https://nsearchives.nseindia.com/corporate/DHAMPURSUG_16082024152020_Intimation_BRSR.pdf
3579.2,107.42,,,,,1.0,Dhani_Services_Limited_2023.0.pdf,,https://nsearchives.nseindia.com/corporate/DHANI_02092024172024_DSL_BRSRReport_FY2324.pdf
13023.97,12412.88,0.0,,,,0.7049809988,Dhanuka_Agritech_Limited_2023.0.pdf,,https://nsearchives.nseindia.com/corporate/DHANUKA_10072024185044_brsrreport.pdf
167694.41,,,,,,1.0,Dhunseri_Ventures_Limited_2023.0.pdf,,https://nsearchives.nseindia.com/corporate/DVL_26072024174915_BRSRFinal24merged.pdf
27971352000000.0,5140231480931.0,0.0,,,,0.0,Diamond_Power_Infrastructure_Limited_2023.0.pdf,,https://nsearchives.nseindia.com/corporate/DIACABS_05092024232956_BSENSEBSR.pdf
373856.0,618312.0,0.0,2079.0,,,1.0,Dilip_Buildcon_Limited_2023.0.pdf,,https://nsearchives.nseindia.com/corporate/DBL_30082024132211_BRSR_f.pdf
90742.67,664011.0,,,,,0.87,Dishman_Carbogen_Amcis_Limited_2023.0.pdf,,https://nsearchives.nseindia.com/corporate/DCAL_03092024200657_Reg34BRSR03092024.pdf
193771.61,,,,,,2.38,Dish_TV_India_Limited_2023.0.pdf,,https://nsearchives.nseindia.com/corporate/DISHTV1_22082024203808_DTILSEINtimationBRSR001392024.pdf
0.0,,,,,,1.0,Divgi_TorqTransfer_Systems_Limited_2023.0.pdf,,https://nsearchives.nseindia.com/corporate/DIVGITTS_15072024185141_DTTS_BRSRFY24.pdf
1631524.0,3449936.0,0.0,,,,77.58,Divi's_Laboratories_Limited_2023.0.pdf,,https://nsearchives.nseindia.com/corporate/DIVISLAB_15072024170431_BRSR2023_24_DivisLab.pdf
88.98,14.19,,,,,,Dixon_Technologies_(India)_Limited_2023.0.pdf,,https://nsearchives.nseindia.com/corporate/DIXON_03092024222407_BRSRIntimation03092024.pdf
1651557.06,260114.5,,,,,14.0,DLF_Limited_2023.0.pdf,,https://nsearchives.nseindia.com/corporate/DLF_17072024173608_Letter.pdf
35926.52,19498.3,,,,,0.39,DMCC_Speciality_Chemicals_Limited_2023.0.pdf,,https://nsearchives.nseindia.com/corporate/SAKSHI_09082024152726_DMCC_AGM_BRSR_2023_24_sd.pdf
146724.39,4447.4,17231.44,,,,0.0002808,DODLA_DAIRY_LIMITED_2023.0.pdf,,https://nsearchives.nseindia.com/corporate/DODLA_10062024172944_BRSR.pdf
193.89,,,,,,1.0,Dolat_Algotech_Limited_2023.0.pdf,,https://nsearchives.nseindia.com/corporate/DOLATALGO_06092024141550_2024_09_06_BRSR_SIGNED.pdf
10293.0,145341.0,0.0,54365.0,,,100.0,Dollar_Industries_Limited_2023.0.pdf,,https://nsearchives.nseindia.com/corporate/DOLLAR_09072024171953_brsrl.pdf
176637.0,2516.0,46997.0,,,,1.0,DOMS_Industries_Limited_2023.0.pdf,,https://nsearchives.nseindia.com/corporate/RAHULBS35_31082024224930_IntimationOfBRSR.pdf
53094.894,722948.7,0.0,36329.1,,,,DPSC_Limited_2023.0.pdf,,https://nsearchives.nseindia.com/corporate/DPSCLTD_05092024123048_BusinessResponsibilityandSustainabilityReport2023_2024.pdf
64176.0,139.0,,,,,7.5e-05,DR._LAL_PATH_LABS_LTD._2023.0.pdf,,
604565.0,1946295.0,0.0,,,,69.7,DR._REDDY'S_LABORATORIES_LIMITED_2023.0.pdf,,https://nsearchives.nseindia.com/corporate/DRREDDY_12072024181914_DRLBRSRFY24.pdf
124066.404,346.77,,,,,1.0,Dreamfolks_Services_Limited_2023.0.pdf,,https://nsearchives.nseindia.com/corporate/DREAMFOLKS24_02092024234932_AnnualReportFY20232024Signed.pdf
28657.8432,1630499.32,,,,,0.34,Dredging_Corporation_of_India_Limited_2023.0.pdf,,https://nsearchives.nseindia.com/corporate/DREDGECORP_04092024235756_BRSR.pdf
249.0,4660.0,,,100.0,,53.54,Dwarikesh_Sugar_Industries_Limited_2023.0.pdf,,https://nsearchives.nseindia.com/corporate/DWARKESH_05062024162022_Regulation34_2__f_BusinessResponsibilityandSustainabilityReport.pdf
25685.94,1135.06,,,,,10.98,Dynamatic_Technologies_Limited_2023.0.pdf,,https://nsearchives.nseindia.com/corporate/DYNAMATICH_14082024182812_BRSR_202324.pdf
1561.39,,,,,,7.264e-06,Easy_Trip_Planners_Limited_2023.0.pdf,,https://nsearchives.nseindia.com/corporate/EASEMYTRIP_06092024214618_ETPLAR24BRSR.pdf
64.0,0.0,0.0,,,,0.0314,eClerx_Services_Limited_2023.0.pdf,,https://nsearchives.nseindia.com/corporate/ECLERX_28082024174650_BSENSEFY2024BRSR.pdf
221257.0,216750.0,,,,,0.61,EICHER_MOTORS_LIMITED_2023.0.pdf,,https://nsearchives.nseindia.com/corporate/EICHERMOT_30072024174835_EMLBRSR2024StockExchange30072024Signed.pdf
67577.79,2333302.05,,,,,2.0,EID_Parry_India_Limited_2023.0.pdf,,https://nsearchives.nseindia.com/corporate/EIDPARRY2_24072024191430_SESD_BRSR.pdf
41079.0,67640.0,,,,,766.0,EIH_Associated_Hotels_Limited_2023.0.pdf,,https://nsearchives.nseindia.com/corporate/EIHAHOTELS_12072024221332_EIHABRSR2024.pdf
423438.0,405015.0,,,,,23.0,EIH_LIMITED_2023.0.pdf,,https://nsearchives.nseindia.com/corporate/EIHOTEL01_15072024214204_EIHBRSR2024.pdf
50751.2,32161.1,,55296.8,2023.0,,19.35,Elecon_Engineering_Company_Limited_2023.0.pdf,,https://nsearchives.nseindia.com/corporate/ELECON2_01062024213106_BRSR202324.pdf
108854.61,7740.0,,,,,1.86e-06,Electronics_Mart_India_Limited_2023.0.pdf,,https://nsearchives.nseindia.com/corporate/EMILTD_02082024192623_IntimationBRSR24.pdf
69.0,,,,,,1.0,Electrosteel_Castings_Limited_2023.0.pdf,,https://nsearchives.nseindia.com/corporate/ELECTCAST_01082024174955_FillingofBRSR202324.pdf
30687.0,21064.12,,,,,0.350509694,Elgi_Equipments_Limited_2023.0.pdf,,https://nsearchives.nseindia.com/corporate/ELGIEQUIP_05072024195528_SEIntimationBRSR.pdf
76303.0,23931.0,,23148.0,,,3.35,Emami_Limited_2023.0.pdf,,https://nsearchives.nseindia.com/corporate/EMAMILTD_05082024192550_BRSRIntimation.pdf
1664.0,2038.0,,,,,12.48,EMAMI_PAPER_MILLS_LIMITED_2023.0.pdf,,https://nsearchives.nseindia.com/corporate/GAICH_03082024124227_epml_brsr_23_24_signed.pdf
162842.4,566468.35,,,,,0.0023,EMS_LIMITED_2023.0.pdf,,https://nsearchives.nseindia.com/corporate/EMSLIMITED_06092024195319_BRSR.pdf
1586.0,390.0,,,,,9.0,EMUDHRA_LIMITED_2023.0.pdf,,https://nsearchives.nseindia.com/corporate/EMUDHRA2008_07062024120127_finalfile.pdf
639617.69,667560.71,,193267.03,,,0.4546,Endurance_Technologies_Limited_2023.0.pdf,,https://nsearchives.nseindia.com/corporate/ENDURANCE_25072024194646_Intimation.pdf
33711030.0,1238528.0,0.0,,,,0.0002799091,Engineers_India_Limited_2023.0.pdf,,https://nsearchives.nseindia.com/corporate/ENGINERSIN_16082024234728_agmbrsr16082024.pdf
16976656.8,786057.41,0.0,0.0,,,0.0101,Entero_Healthcare_Solutions_Limited_2023.0.pdf,,https://nsearchives.nseindia.com/corporate/ENTERO_03082024194122_BRSR.pdf
41881.0,2708.0,,41881.0,,,1.0,Entertainment_Network_(India)_Limited_2023.0.pdf,,https://nsearchives.nseindia.com/corporate/ENIL_09092024174518_ENIL20240903AnnualReport.pdf
45071.0,28203.0,,,,,0.03,EPACK_Durable_Limited_2023.0.pdf,,https://nsearchives.nseindia.com/corporate/EPACKNSE_15082024002427_Intimation.pdf
308030.31,14687098.75,,,,,19.85,Epigral_Limited_2023.0.pdf,,https://nsearchives.nseindia.com/corporate/MFL_15062024165513_BRSRReport.pdf
159509.0,17706.0,0.0,,,,0.017,EPL_Limited_2023.0.pdf,,https://nsearchives.nseindia.com/corporate/EPL_31072024000029_SEIntimationReg34_2_sd.pdf
8550.14,4580.72,,,,,1.0,Equinox_India_Developments_Limited_2023.0.pdf,,https://nsearchives.nseindia.com/corporate/IBREL_05092024173738_3_EMBDL_BRSR_Intimation_05092024.pdf
2188.07,1802.95,,,,,0.2,Equitas_Small_Finance_Bank_Limited_2024.0.pdf,,https://nsearchives.nseindia.com/corporate/EQUITASBNK_13082024202258_ESFBBRSRIntimationFY2324.pdf
2018060.0,25021.0,0.0,,,,1.0,ERIS_LIFESCIENCES_LIMITED_2023.0.pdf,,https://nsearchives.nseindia.com/corporate/ERIS_02092024160733_BRSRINTIMATIONSIGNED.pdf
40545.0,16532.0,,,,,1.0,ESAB_INDIA_LIMITED_2023.0.pdf,,https://nsearchives.nseindia.com/corporate/ESABINDIA_12082024171019_BRSRreport31032024.pdf
,,,,,,,ESAF_Small_Finance_Bank_Limited_2022.0.pdf,,https://nsearchives.nseindia.com/corporate/esfb_20072024184933_SEIntimationBRSR.pdf
,,,,,,,ESAF_Small_Finance_Bank_Limited_2022.0.pdf,,https://nsearchives.nseindia.com/corporate/esfb_05122023185918_BRSRReportfortheFinancialYear202223.pdf
0.0,252.41,0.0,,,,,ESAF_Small_Finance_Bank_Limited_2023.0.pdf,,https://nsearchives.nseindia.com/corporate/esfb_20072024184933_SEIntimationBRSR.pdf
0.0,252.41,0.0,,,,,ESAF_Small_Finance_Bank_Limited_2023.0.pdf,,https://nsearchives.nseindia.com/corporate/esfb_05122023185918_BRSRReportfortheFinancialYear202223.pdf
5.44,168.69,0.0,,,,3.53,Escorts_Kubota_Limited_2023.0.pdf,,https://nsearchives.nseindia.com/corporate/ESCORTS_25062024224323_EKL_2024_06_25_BRSR_Signed.pdf
268920.0,28291.0,0.0,,,,15.1,Ester_Industries_Limited_2023.0.pdf,,https://nsearchives.nseindia.com/corporate/ESTER_03092024171411_SignedSTXIntimationBRSR.pdf
,,,,,,,ETHOS_LIMITED_2023.0.pdf,,https://nsearchives.nseindia.com/corporate/ETHOS_06092024170025_38_compressed.pdf
53144528248.0,5737127454.0,,,,,65034757.8,EVEREADY_INDUSTRIES_INDIA_LIMITED_2023.0.pdf,,https://nsearchives.nseindia.com/corporate/EVEREADY_25072024174051_AnnualReport2324.pdf
155342.7,31353.0,0.0,,,,5.08,Everest_Industries_Limited_2023.0.pdf,,https://nsearchives.nseindia.com/corporate/EVERESTINDUSTRIES_20072024151415_IntimationBRSR.pdf
92551.0,221066.0,,3.0,,,421.43,Everest_Kanto_Cylinder_Limited_2023.0.pdf,,https://nsearchives.nseindia.com/corporate/EKC_07082024130103_EKCLLetterforBRSR2024.pdf
103715.0,667963.0,0.0,,,,7.002,Excel_Industries_Limited_2023.0.pdf,,https://nsearchives.nseindia.com/corporate/EXCELINDUS_27082024163755_BusinessResposibilityandSustainabilityReport20232024.pdf
12167.2,1954.08,0.0,,,,0.13,Exicom_Tele-Systems_Limited_2023.0.pdf,,https://nsearchives.nseindia.com/corporate/EXICOM_04092024202938_intimationofBRSRreport.pdf
1719244.0,682688.0,,,,,,Exide_Industries_Limited_2023.0.pdf,,https://nsearchives.nseindia.com/corporate/EXIDEIND_04072024145351_SDSEBRSRFINALEXIDE.pdf
8269124.22,605320.91,,,,,1.0,EXPLEO_SOLUTIONS_LIMITED_2023.0.pdf,,https://nsearchives.nseindia.com/corporate/SQS_06082024105032_BusinessResponsibilityandSustainabilityReporting.pdf
41.38,518.21,,,,,1.0,FAIRCHEM_ORGANICS_LIMITED_2023.0.pdf,,https://nsearchives.nseindia.com/corporate/FAIRCHEMOR_09072024133237_FOL_BRSR_202324.pdf
54179286.4,137294968.5,0.0,,,,18718.73,Faze_Three_Limited_2023.0.pdf,,https://nsearchives.nseindia.com/corporate/FAZETHREE_06092024171109_Submission.pdf
10523281.0,21733.1,,,,,0.00026525,FDC_Limited_2023.0.pdf,,https://nsearchives.nseindia.com/corporate/FDC_03092024183424_Finalforuploading.pdf
31341483075.0,52927955000.0,0.0,,,,118.79,Fedbank_Financial_Services_Limited_2023.0.pdf,,https://nsearchives.nseindia.com/corporate/FEDFINA_27082024182233_coveringletter_BRSR_Signed.pdf
247658.19,4189.99,,,,,2022.0,Federal-Mogul_Goetze_(India)_Limited._2023.0.pdf,,
784506.6,1714453.9,,,,,1.0,FERTILIZERS_AND_CHEMICALS_TRAVANCORE_LIMITED_2023.0.pdf,,https://nsearchives.nseindia.com/corporate/FACT_19092024145512_BusinessResponsibilityandSustainabilityReport.pdf
0.0,0.0,0.0,,,,0.0,FIEM_INDUSTRIES_LIMITED_2023.0.pdf,,https://nsearchives.nseindia.com/corporate/FIEMIND_09072024202836_FIEMINDBRSRFY2024NSE.pdf
6987116.0,,,,,,1.0,FILATEX_FASHIONS_LIMITED_2023.0.pdf,,https://nsearchives.nseindia.com/corporate/FILATEXFASHIONS_05092024175028_BRSRintimation.pdf
1145674.66,2239759.96,147580.26,3533014.89,,,8.243e-05,Filatex_India_Limited_2023.0.pdf,,https://nsearchives.nseindia.com/corporate/FILATEX_03092024165525_FILtoSEBRSReport20232403092024.pdf
4925973.0,284204.0,0.0,5210177.0,,,1.1e-07,Fineotex_Chemical_Limited_2023.0.pdf,,https://nsearchives.nseindia.com/corporate/FCL_18082024130605_BRSR202324.pdf
108358.88,308725.99,,,,,5.513,FINE_ORGANIC_INDUSTRIES_LIMITED_2023.0.pdf,,https://nsearchives.nseindia.com/corporate/FINEORG_25072024183125_FOILBRSR.pdf
,16.0,16.0,,,,16.0,Finolex_Cables_Limited_2023.0.pdf,,https://nsearchives.nseindia.com/corporate/CSgayatri_06092024144932_BRSR.pdf
255097.65,4064980.73,,,,,8.0024,Finolex_Industries_Limited_2023.0.pdf,,https://nsearchives.nseindia.com/corporate/polchaitanya_27082024235911_SEIntimationBRSRs.pdf
,,,,,,1.0,Fino_Payments_Bank_Limited_2023.0.pdf,,https://nsearchives.nseindia.com/corporate/FINOPB_03092024205506_BRSRFinal.pdf
55063.0,403.0,,,,,3.333,Firstsource_Solutions_Limited_2023.0.pdf,,https://nsearchives.nseindia.com/corporate/FSL_29062024202413_BRSR.pdf
11515.19,15.99,0.0,,,,0.53,Five-Star_Business_Finance_Limited_2023.0.pdf,,https://nsearchives.nseindia.com/corporate/FIVESTAR_22082024201353_BRSRIntimationFinalSigned.pdf
35684.66,751.34,,,,,47.32,Flair_Writing_Industries_Limited_2023.0.pdf,,https://nsearchives.nseindia.com/corporate/flair2016_01082024171124_Flair_BRSR_Corrigendum.pdf
,,,,,,,Force_Motors_Ltd_2023.0.pdf,,https://nsearchives.nseindia.com/corporate/FORCEMOTORS_13082024204632_fbrsrfml31032024.pdf
258073.38,282218.95,,,,,3.0,Fortis_Healthcare_Limited_2023.0.pdf,,https://nsearchives.nseindia.com/corporate/FORTIS_11072024184536_BRSR.pdf
15695.3,37808.4,,55651.8,,,1.515,FOSECO_INDIA_LIMITED_2023.0.pdf,,https://nsearchives.nseindia.com/corporate/FOSECOIND_18052024222750_Reg34_2__BRSR_2023.pdf
17144.0,3206.0,,,,,8.0,FSN_E_Commerce_Ventures_Limited_2023.0.pdf,,https://nsearchives.nseindia.com/corporate/NYKAA_26082024211934_3BRSRLetter.pdf
1311.33,,,1311.33,,,0.54,Fusion_Micro_Finance_Limited_2023.0.pdf,,https://nsearchives.nseindia.com/corporate/FUSIONHO_04092024222142_BRSRUpload.pdf
76994.35,106797.2,,,,,0.00014,GABRIEL_INDIA_LIMITED_2023.0.pdf,,https://nsearchives.nseindia.com/corporate/GABRIEL_23072024204228_SEIntimationBRSR2324signed.pdf
1857562.0,47449561.0,0.0,92182.0,,,10.33,GAIL_(India)_Limited_2023.0.pdf,,https://nsearchives.nseindia.com/corporate/Himanshugail_01082024205141_BRSRPDF.pdf
,205170.0,0.0,,,,208.94,Galaxy_Surfactants_Limited_2023.0.pdf,,https://nsearchives.nseindia.com/corporate/GALAXYSURF_11072024184342_BRSRds.pdf
1645855.07,5680395.83,,,,,10.7,Gallantt_Ispat_Limited_2023.0.pdf,,https://nsearchives.nseindia.com/corporate/GALLANTT_06092024204940_Gallantt_BRSR_2024.pdf
5755.96,11417.69,0.0,,,,2.0,GANDHAR_OIL_REFINERY_(INDIA)_LIMITED_2023.0.pdf,,https://nsearchives.nseindia.com/corporate/GANDHAROIL_13082024211323_IntimationforBRSRreportsigned.pdf
196710.93,2965.47,,,,,2.84,Ganesha_Ecosphere_Limited_2023.0.pdf,,https://nsearchives.nseindia.com/corporate/GANECOS_17082024235906_brsr.pdf
,,,,,,,GANESH_BENZOPLAST_LIMITED_2023.0.pdf,,https://nsearchives.nseindia.com/corporate/GANESHBE_02092024174444_BRSRREPORT2024.pdf
11240640.0,139132900.0,0.0,,,,0.0,Ganesh_Housing_Corporation_Limited_2023.0.pdf,,https://nsearchives.nseindia.com/corporate/GANESHHOUC_09082024144137_SEDISCLOSUREBRSR.pdf
31703.0,,6537.0,,,,0.0,Garden_Reach_Shipbuilders_&_Engineers_Limited_2023.0.pdf,,https://nsearchives.nseindia.com/corporate/GRSE_28082024185338_Business_Responsibility_and_Sustainability_Report_FY_2023_24_of_GRSE.pdf
267807.3,378096850.6,,150848028.1,,,0.75,Garware_Hi-Tech_Films_Limited_2023.0.pdf,,https://nsearchives.nseindia.com/corporate/GRWRHITECH_31082024120258_BRSR.pdf
61263.0,161572.0,0.0,,,,8.7,Garware_Technical_Fibres_Limited_2023.0.pdf,,https://nsearchives.nseindia.com/corporate/GARFIBRES_27082024131202_BRSR2324FinalSEUpload27082024.pdf
14906.62,294006.85,,,,,1.0,Gateway_Distriparks_Limited_2023.0.pdf,,https://nsearchives.nseindia.com/corporate/GATEWAY_28082024154223_GDL_BRSR_Intimation_F.pdf
,,,,,,,General_Insurance_Corporation_of_India_2023.0.pdf,,https://nsearchives.nseindia.com/corporate/GICRE_04092024231505_IntimationtoSEBRSR202324.pdf
10.8,6176541.0,,,,,1.0,GENESYS_INTERNATIONAL_CORPORATION_LIMITED_2023.0.pdf,,https://nsearchives.nseindia.com/corporate/GENESYS_06092024161848_GenesysBRSRintimation.pdf
,,,,,,1.0,GENSOL_ENGINEERING_LIMITED_2023.0.pdf,,https://nsearchives.nseindia.com/corporate/GENSOL_09092024114529_GELBRSRReport202324.pdf
33850.0,1739.0,0.0,,,,0.01,Genus_Power_Infrastructures_Limited_2023.0.pdf,,https://nsearchives.nseindia.com/corporate/GENUSPOWER_06092024111054_BRSR_2024.pdf
13184.35,251.0,,13435.35,,,3.19,Geojit_Financial_Services_Limited_2022.0.pdf,,https://nsearchives.nseindia.com/corporate/MEGHAGEOJIT_20062024180825_BRSR_2024.pdf
13184.35,251.0,,13435.35,,,3.19,Geojit_Financial_Services_Limited_2022.0.pdf,,https://nsearchives.nseindia.com/corporate/MEGHAGEOJIT_07112023172829_BRSR_31032023.pdf
13827.6,331.0,,13828.0,,,1.0,Geojit_Financial_Services_Limited_2023.0.pdf,,https://nsearchives.nseindia.com/corporate/MEGHAGEOJIT_20062024180825_BRSR_2024.pdf
13827.6,331.0,,13828.0,,,1.0,Geojit_Financial_Services_Limited_2023.0.pdf,,https://nsearchives.nseindia.com/corporate/MEGHAGEOJIT_07112023172829_BRSR_31032023.pdf
11873.79,2837.88,,,,,6.2163,GE_Power_India_Limited_2023.0.pdf,,https://nsearchives.nseindia.com/corporate/GEPILDEE_09072024180856_BRSRrevised.pdf
,,,,,,1.0,GFL_LIMITED_2023.0.pdf,,https://nsearchives.nseindia.com/corporate/GFLLIMITED_27082024211006_GFL_Limited_BRSR_2024.pdf
23976.0,11424080.0,,,,,14.11,GHCL_Limited_2023.0.pdf,,https://nsearchives.nseindia.com/corporate/GHCL_13062024142952_GHCL_Intimation_BRSR_Report_March2024.pdf
76014.0,5438.0,,81452.0,,,0.33,Gillette_India_Limited_2022.0.pdf,,https://nsearchives.nseindia.com/corporate/GILLETTE_04112023153824_GILBRSR2023.pdf
281518502.47,243656077.7,5215740.44,9955457.24,,,311041.71,GLAND_PHARMA_LIMITED_2023.0.pdf,,https://nsearchives.nseindia.com/corporate/GLAND_07082024192426_GPL_BRSRFY24_Final.pdf
50067.0,9114.0,0.0,53383.0,,,13.0,GlaxoSmithKline_Pharmaceuticals_Limited_2023.0.pdf,,https://nsearchives.nseindia.com/corporate/GLAXO1924_04062024232646_BusinessResponsibilityandSustainabilityReport202324signed.pdf
273225.06,6949588.52,,116478.39,,,10116.88,Glenmark_Life_Sciences_Limited_2023.0.pdf,,https://nsearchives.nseindia.com/corporate/GLS_02092024184135_BSE_NSE_BRSR_2024_Signed.pdf
350055.0,136968.0,,,,,34.0,Glenmark_Pharmaceuticals_Limited_2023.0.pdf,,https://nsearchives.nseindia.com/corporate/GLENMARK_03092024195013_GPL_BRSR_2324_signed.pdf
198166.0,83342.0,,1334.0,,,26.2,GLOBAL_HEALTH_LIMITED_2023.0.pdf,,https://nsearchives.nseindia.com/corporate/MEDANTA21_23082024154335_GHLBRSRINTIMATION22AUG2024SIGNED.pdf
,268248636.0,,,,,0.035,Globus_Spirits_Limited_2023.0.pdf,,https://nsearchives.nseindia.com/corporate/GLOBUSSPR_03082024222633_GlobusBRSR.pdf
93.44,12.57,,,,,0.0033,Gloster_Limited_2023.0.pdf,,https://nsearchives.nseindia.com/corporate/GLOSTER_19072024184744_BRSR_2023_24_for_upload.pdf
68806.83,162198.86,,,,,8.61,GMM_Pfaudler_Limited_2023.0.pdf,,https://nsearchives.nseindia.com/corporate/GMMPFAUDLR_15072024154334_BRSRFY2024.pdf
91103.0,18395.0,0.0,,,,109.8,GMR_Airports_Infrastructure_Limited_2023.0.pdf,,https://nsearchives.nseindia.com/corporate/GMRINFRA_25082024002554_BRSRGIL2024.pdf
765974.0,15120.0,0.0,1523742.0,,,0.0,GM_BREWERIES_LIMITED_2023.0.pdf,,https://nsearchives.nseindia.com/corporate/sab65d_15052024121127_BRSR.pdf
10445036.0,54042.45,28770.0,,,,3.7,GOCL_Corporation_Limited_2023.0.pdf,,https://nsearchives.nseindia.com/corporate/GULFCORP_31082024191543_GOCLBRSRFY202324.pdf
1358333.63,4008754.34,51132.3,614611.12,,,10.11,GODAWARI_POWER_AND_ISPAT_LIMITED_2023.0.pdf,,https://nsearchives.nseindia.com/corporate/GPIL_29082024185518_GPILNSEBSESUBMISSIONOFBRSR29082024.pdf
59149359.0,2509528.0,0.0,,,,5.7,GODFREY_PHILLIPS_INDIA_LIMITED_2023.0.pdf,,https://nsearchives.nseindia.com/corporate/PANKAJCHAWLA_13082024164312_SubmissionofBRSRFY202324.pdf
195058663.0,21399432.0,,,,,1155.0,GODREJ_AGROVET_LIMITED_2023.0.pdf,,https://nsearchives.nseindia.com/corporate/GODREJAGRO_09072024195558_BSENSEBRSR31032024.pdf
122393299.0,513004527.0,,239056073.0,,,2367.0,Godrej_Consumer_Products_Limited_2023.0.pdf,,https://nsearchives.nseindia.com/corporate/GODREJCP_16072024223237_GCPL_BRSR_Signed.pdf
214900.0,574241.0,,,,,9.0,Godrej_Industries_Limited_2023.0.pdf,,https://nsearchives.nseindia.com/corporate/Anupama_19072024175929_BSENSEBRSRFY2024.pdf
18452.1,7224.5,0.0,,,,120.0,Godrej_Properties_Limited_2023.0.pdf,,https://nsearchives.nseindia.com/corporate/GODREJPROP_03072024173705_SEIntimationBRSR.pdf
64.0,15.0,0.0,,,,6.23e-06,Gokaldas_Exports_Limited_2023.0.pdf,,https://nsearchives.nseindia.com/corporate/GOKEX_28082024185400_BRSR.pdf
117946083.6,1581918947.19,,151063888.21,,,343.91,Gokul_Agro_Resources_Limited_2023.0.pdf,,https://nsearchives.nseindia.com/corporate/GOKULAGRO_09082024234300_BRSR.pdf
21720104.64,,,,,,125455.46,Goldiam_International_Limited_2023.0.pdf,,https://nsearchives.nseindia.com/corporate/GOLDIAM_03092024145002_IntimationofBRSR202324.pdf
137449.92,538912.06,,,,,0.00049,Goodluck_India_Limited_2023.0.pdf,,https://nsearchives.nseindia.com/corporate/GOODLUCK_05092024155349_BRSR.pdf
33813.42,447.51,,,,,0.43,GOPAL_SNACKS_LIMITED_2023.0.pdf,,https://nsearchives.nseindia.com/corporate/GOPALSNACKS_03092024123718_GSLBRSR2024.pdf
29377.55,0.4,4.0,29377.95,,,221.37,Go_Fashion_(India)_Limited_2023.0.pdf,,https://nsearchives.nseindia.com/corporate/GOCOLORS_15072024182721_BRSRfinalupload.pdf
9.0,573.31,,,,,0.0144,GRANULES_INDIA_LIMITED_2023.0.pdf,,https://nsearchives.nseindia.com/corporate/GRANULES_15072024181136_NSEBSEBRSRFINAL.pdf
1287271508.0,1463733004.0,,,,,22336.0,GRAPHITE_INDIA_LIMITED_2023.0.pdf,,https://nsearchives.nseindia.com/corporate/GILKOLKATA_04072024172714_SEGILBRSRREV202324.pdf
5.98,57.72,,,,,22.53,Grasim_Industries_Limited_2023.0.pdf,,https://nsearchives.nseindia.com/corporate/GRASIM_19072024190311_SEIntimationBRSR.pdf
54719.85,639027.0,0.0,,,,6.4,Gravita_India_Limited_2023.0.pdf,,https://nsearchives.nseindia.com/corporate/GRAVITA_24082024113255_BRSRCoveringFinal.pdf
41143.21,16579.47,17356.24,,,,25.28,Greaves_Cotton_Limited_2023.0.pdf,,https://nsearchives.nseindia.com/corporate/GREAVESCOT_11072024201123_BRSRIntimation.pdf
138.9,623.3,,,,,38.0,GREENLAM_INDUSTRIES_LIMITED_2023.0.pdf,,https://nsearchives.nseindia.com/corporate/GREENLAMRB_10072024184116_BRSR2024SESigned.pdf
502601.5,487.05,0.0,,,,,Greenpanel_Industries_Limited_2023.0.pdf,,https://nsearchives.nseindia.com/corporate/GREENPANEL_31052024202434_BRSR.pdf
,,,,,,,GREENPLY_INDUSTRIES_LIMITED_2023.0.pdf,,https://nsearchives.nseindia.com/corporate/GREEN_06092024144415_BRSR_2023_24_Green.pdf
66214.0,68726.0,1482.0,,,,0.006,Grindwell_Norton_Limited_2023.0.pdf,,https://nsearchives.nseindia.com/corporate/GRINDWELL_26062024175911_NSEBRSRnsesigned.pdf
24150.0,10332.83,0.0,,,,1.0,GRM_OVERSEAS_LIMITED_2023.0.pdf,,https://nsearchives.nseindia.com/corporate/GRMOVER_04092024211005_IntimationBRSRsigned.pdf
165751290.0,41052186.0,0.0,,,,1.0,GRP_Limited_2023.0.pdf,,https://nsearchives.nseindia.com/corporate/GRPLTD_18072024193721_GRP_Revised_BRSR_18072024_final.pdf
1221763.0,423176.0,,1644940.0,,,0.00011989,GTL_Infrastructure_Limited_2023.0.pdf,,https://nsearchives.nseindia.com/corporate/GTLINFRA1_21082024185813_GTLINFRA_20240821_LODR_34_BRSR_2024.pdf
24493.2,1378.73,,,,,25.78,GTPL_HATHWAY_LIMITED_2023.0.pdf,,https://nsearchives.nseindia.com/corporate/GTPLHL_05092024195125_GTPL_BRSR_for_FY_2023_24.pdf
32755.96,20831.27,,,,,,Gufic_Biosciences_Limited_2023.0.pdf,,https://nsearchives.nseindia.com/corporate/GUFIC_31082024191540_FinalIntimationBRSR.pdf
3705640.61,5115534.05,0.0,,35.0,,4.95,Gujarat_Alkalies_and_Chemicals_Limited_2023.0.pdf,,https://nsearchives.nseindia.com/corporate/KAMLESH_MUNDRA_30082024205052_BRSR_20232024.pdf
120.37,9817373.47,0.0,,,,1225168.0,Gujarat_Ambuja_Exports_Limited_2023.0.pdf,,https://nsearchives.nseindia.com/corporate/GAEL_08082024195229_GAELBRSR.pdf
2918103.0,6370680.0,0.0,,,,13.55,Gujarat_Fluorochemicals_Limited_2023.0.pdf,,https://nsearchives.nseindia.com/corporate/FLUOROCHEM_02092024190412_GFCLBRSR202324.pdf
524565.8,63575.57,,588141.37,,,172.12,GUJARAT_GAS_LIMITED_2023.0.pdf,,https://nsearchives.nseindia.com/corporate/GUJGASLTD_03092024220811_1344BRSRsubmission.pdf
1447.19,34406.04,,,,,10.07,GUJARAT_INDUSTRIES_POWER_COMPANY_LIMITED_2023.0.pdf,,https://nsearchives.nseindia.com/corporate/Gipcl7868_02092024100948_SE_GIPCL_BRSR_202324_signed.pdf
968619.0,6534644.0,,1152.0,,,1.0,Gujarat_Mineral_Development_Corporation_Limited_2023.0.pdf,,https://nsearchives.nseindia.com/corporate/GMDCLTD_04092024164716_BRSR202324.pdf
587781.16,43095867.36,,,,,15.26,Gujarat_Narmada_Valley_Fertilizers_and_Chemicals_Limited_2023.0.pdf,,https://nsearchives.nseindia.com/corporate/rajeshpillai8741_29082024193201_F_BRSR_23_24_Signed.pdf
47213902.8,115577988.0,17529181.2,,,,11.6083,Gujarat_Pipavav_Port_Limited_2023.0.pdf,,https://nsearchives.nseindia.com/corporate/GPPL_27082024174037_BRSR.pdf
938181.99,6273165.05,,,,,1000.11,GUJARAT_STATE_FERTILIZERS_&_CHEMICALS_LIMITED_2023.0.pdf,,https://nsearchives.nseindia.com/corporate/GSFC_31082024191524_SubmissionOfBRSR.pdf
31827.04,153967.34,,,,,16.65,Gujarat_State_Petronet_Limited_2023.0.pdf,,https://nsearchives.nseindia.com/corporate/GSPL_28082024205800_BusinessResponsibiltyandSustainabilityReport.pdf
16560.67,6096.63,0.0,,,,91372.46,Gulf_Oil_Lubricants_India_Limited_2023.0.pdf,,https://nsearchives.nseindia.com/corporate/GULFOILLUB_21082024181355_BRSR.pdf
5832187.0,882987176.0,,,,,1.0,GULSHAN_POLYOLS_LIMITED_2023.0.pdf,,https://nsearchives.nseindia.com/corporate/GULPOLY_28082024182619_Intimation28082024.pdf
149148.63,2503134.102,,,,,0.0007578,G_R_Infraprojects_Limited_2023.0.pdf,,https://nsearchives.nseindia.com/corporate/GRINFRA_16082024191428_BRSR.pdf
68821.89,1115079.5,0.0,,,,931.89,H.G._Infra_Engineering_Limited_2023.0.pdf,,https://nsearchives.nseindia.com/corporate/HGINFRA_30072024224121_AnnualReportandAGMNotice21082024.pdf
14288.43,1764.47,,,,,2.71,Happiest_Minds_Technologies_Limited_2023.0.pdf,,https://nsearchives.nseindia.com/corporate/suhask_07062024202322_HappiestMindsBRSR07062024.pdf
411707.0,134764.0,0.0,,,,1.0,HAPPY_FORGINGS_LIMITED_2023.0.pdf,,https://nsearchives.nseindia.com/corporate/9876964720_05072024142100_BRSRfy2024.pdf
288.97,0.0,,,,,0.00257,HARIOM_PIPE_INDUSTRIES_LIMITED_2023.0.pdf,,https://nsearchives.nseindia.com/corporate/hariompipes_10092024154957_HPIL_Submission_of_Revised_BRSR_2023_24Signed.pdf
102073.03,110780.55,0.0,218680.0,,,202.3,Harsha_Engineers_International_Limited_2023.0.pdf,,https://nsearchives.nseindia.com/corporate/Harsha_21082024153117_HarshaBRSRUpload.pdf
9821.51,204.73,,,,,36.84,Hathway_Cable_&_Datacom_Limited_2023.0.pdf,,https://nsearchives.nseindia.com/corporate/HATHWAY_09072024232716_HCDLSubmissionofBRSR.pdf
240818.0,1368181.0,,,,,0.0015,HATSUN_AGRO_PRODUCT_LIMITED_2023.0.pdf,,https://nsearchives.nseindia.com/corporate/HATSUN_29072024155914_BRSR31Mar2024sd.pdf
11.26,175789.37,,,,,302.0,Havells_India_Limited_2023.0.pdf,,https://nsearchives.nseindia.com/corporate/HAVELLS1_31052024132836_CoverLetter_Notice_IR_BRSR_BRSRCore_29052024.pdf
208.03,77.42,0.0,,,,0.02,HBL_Power_Systems_Limited_2023.0.pdf,,https://nsearchives.nseindia.com/corporate/HBLPOWER_06092024113004_BusinessResponsibilityandSustainabilityReport2024.pdf
,,,,,,49.0,HCL_Technologies_Limited_2023.0.pdf,,https://nsearchives.nseindia.com/corporate/HCLTECH_23072024150013_BRSR.pdf
14209.0,3651.0,,,,,,HDFC_Asset_Management_Company_Limited_2023.0.pdf,,https://nsearchives.nseindia.com/corporate/DEEPTI_03072024212343_NSEBSE_24_BRSR.pdf
2523514.68,497686.1,,,,,,HDFC_Bank_Limited_2023.0.pdf,,https://nsearchives.nseindia.com/corporate/HDFCBANK_18072024185316_Intimation_AR.pdf
54087.0,2474.0,,,,,1.0,HDFC_Life_Insurance_Company_Limited_2023.0.pdf,,https://nsearchives.nseindia.com/corporate/PRASAD_05092024222450_BRSR24.pdf
142545.01,538.38,0.0,,,,0.089,Healthcare_Global_Enterprises_Limited_2023.0.pdf,,https://nsearchives.nseindia.com/corporate/HCG1_30082024174446_HCGBRSR2024.pdf
1341646.0,623304.0,,14310.0,,,28.9,HEG_Limited_2023.0.pdf,,https://nsearchives.nseindia.com/corporate/HEG_28062024200948_HEGLimitedBRSR.pdf
845843.0,8778659.0,,,,,3.57,HeidelbergCement_India_Limited_2023.0.pdf,,https://nsearchives.nseindia.com/corporate/HEIDELBERG_03092024162238_BRSRSELetter.pdf
,,,,,,1.0,Hemisphere_Properties_India_Limited_2023.0.pdf,,https://nsearchives.nseindia.com/corporate/HEMIPROP_04092024122808_BRSR_intimation.pdf
58706298000.0,31099296758.0,0.0,,,,2656657.85,Heranba_Industries_Limited_2023.0.pdf,,https://nsearchives.nseindia.com/corporate/HERANBA_20082024190415_BRSR_2024.pdf
1.830258,0.0606888,,1.8909468,,,1.0,Hercules_Hoists_Limited_2023.0.pdf,,https://nsearchives.nseindia.com/corporate/herculeshoists_18072024145040_BRSR2024.pdf
165052.52,3317.81,0.0,,,,0.0003198,Heritage_Foods_Limited_2023.0.pdf,,https://nsearchives.nseindia.com/corporate/HERITGFOOD_25072024153109_BRSR_FY24.pdf
413419.0,356305.0,0.0,,,,0.151,Hero_MotoCorp_Limited_2023.0.pdf,,https://nsearchives.nseindia.com/corporate/HEROMOTO_19072024201848_StxintimationBRSR19072024.pdf
42.3,19.34,,,,,2.0,HESTER_BIOSCIENCES_LIMITED_2023.0.pdf,,https://nsearchives.nseindia.com/corporate/HESTERBIO_26072024164414_20240331BRSRFY24_.pdf
40.0,53485.0,,,,,12407.0,Heubach_Colorants_India_Limited_2023.0.pdf,,https://nsearchives.nseindia.com/corporate/CLNINDIA_31082024234928_SEUPLOAD31082024.pdf
0.0,0.0,0.0,0.0,,,0.0,HEXA_TRADEX_LIMITED_2023.0.pdf,,https://nsearchives.nseindia.com/corporate/HEXATRADEX_25072024160709_BRSRSE2024.pdf
110561.0,6194.0,0.0,0.0,,,0.44,HFCL_Limited_2023.0.pdf,,https://nsearchives.nseindia.com/corporate/AHMED_05092024213927_HFCL_STX_BRSR.pdf
56560.0,76365.0,,,,,79.67,HI-TECH_PIPES_LIMITED_2023.0.pdf,,https://nsearchives.nseindia.com/corporate/HITECH_29082024222057_Intimation_BRSR_FY24.pdf
294036.22,249390.66,0.0,,,,131.61,Hikal_Limited_2023.0.pdf,,https://nsearchives.nseindia.com/corporate/HIKAL_21082024145027_SubmissionOFBRSR2024.pdf
255584.3,221314.06,,,,,0.001,HIL_Limited_2023.0.pdf,,https://nsearchives.nseindia.com/corporate/HIL_04072024190350_HILBRSRdt31032024signed.pdf
340676.18,52542.23,,,,,0.812,Himadri_Speciality_Chemical_Limited_2023.0.pdf,,https://nsearchives.nseindia.com/corporate/HSCL_18072024141723_BRSR2024.pdf
453674361878.0,2001745571859.0,0.0,,,,101.9404550739,Himatsingka_Seide_Limited_2023.0.pdf,,https://nsearchives.nseindia.com/corporate/HIMATSEIDE_05092024221612_BRSR_for_Uploading.pdf
,,,,,,1.0,HINDALCO_INDUSTRIES_LIMITED_2023.0.pdf,,https://nsearchives.nseindia.com/corporate/HINDALCO_29072024213210_Reg34_BRSR_Signed.pdf
9541621.0,351.0,,9541972.0,,,0.0006,HINDUJA_GLOBAL_SOLUTIONS_LIMITED_2023.0.pdf,,https://nsearchives.nseindia.com/corporate/HGSN_03092024183437_SEBRSR.pdf
451604.0,415831.0,,,,,6.0,HINDUSTAN_AERONAUTICS_LIMITED_2023.0.pdf,,https://nsearchives.nseindia.com/corporate/HAL_02082024141509_BRSR_2024_signed.pdf
137750.52,39287.6,137750.52,,,,1.0,Hindustan_Construction_Company_Limited_2023.0.pdf,,https://nsearchives.nseindia.com/corporate/HCC_26092024171743_BRSR_Exchange.pdf
500719.0,188922.0,,,,,1.0,HINDUSTAN_COPPER_LIMITED_2023.0.pdf,,https://nsearchives.nseindia.com/corporate/HINDCOPPERMKD_02092024153909_LettertoBSENSEBRSR2023242Sept2024.pdf
84428.0,27009.0,100.0,100.0,,,18.6,Hindustan_Foods_Limited_2023.0.pdf,,https://nsearchives.nseindia.com/corporate/8237622664_28082024133423_BRSR.pdf
36873.45,53606.34,3456.23,,,,0.0997,Hindustan_Oil_Exploration_Company_Limited_2023.0.pdf,,https://nsearchives.nseindia.com/corporate/HINDOILEXPCS_04092024174327_BRSRintimation_.pdf
5326354.0,57932301.0,,,,,2.84,hindustan_petroleum_corporation_limited_2023.0.pdf,,https://nsearchives.nseindia.com/corporate/HINDPETRO1_27072024225552_BRSR2024uploaddigitallySigned.pdf
1186957.0,154980.0,,3570604.0,,,1.19,Hindustan_Unilever_Limited_2023.0.pdf,,https://nsearchives.nseindia.com/corporate/HINDUNILVR_27062024112811_HULBRSR202324Signed.pdf
2855102.0,44489600.0,1019201.0,,,,47.63,Hindustan_Zinc_Limited_2023.0.pdf,,https://nsearchives.nseindia.com/corporate/HINDZINCNSE_02072024133636_SEIntimationBRSR02072024.pdf
1348.34,72.13,,,,,71.53,Hindware_Home_Innovation_Limited_2023.0.pdf,,https://nsearchives.nseindia.com/corporate/SHIL_06082024160552_HHIL_BRSR_06082024.pdf
,49821.0,0.0,,,,75.52,Hitachi_Energy_India_Limited_2023.0.pdf,,https://nsearchives.nseindia.com/corporate/HitachiEnergy_22072024213725_BRSR.pdf
64627.67,39857.32,,,,,48.45,HLE_Glascoat_Limited_2023.0.pdf,,https://nsearchives.nseindia.com/corporate/HLEGLASCOAT_04092024185650_522215HLEGLAS_BRSRsd.pdf
86275.45,1.0,,,,,4.3e-05,HMA_AGRO_INDUSTRIES_LIMITED_2023.0.pdf,,https://nsearchives.nseindia.com/corporate/HMA_03092024161649_BRSRReportFY202324.pdf
19080151000.0,11001600.0,,,,,1.0,HMT_LIMITED_2023.0.pdf,,https://nsearchives.nseindia.com/corporate/HMT_30102024195436_BRSR.pdf
869565.19,,,,,,696.21,Home_First_Finance_Company_India_Limited_2023.0.pdf,,https://nsearchives.nseindia.com/corporate/HOMEFIRST_29052024171213_BRSRforUploading.pdf
4843.56,0.0,,,,,4.927785e-05,Honasa_Consumer_Limited_2023.0.pdf,,https://nsearchives.nseindia.com/corporate/HONASA16_05082024163657_BRSR_2023_2024.pdf
9750.0,36717.0,,,,,0.22,Honda_India_Power_Products_Limited_2023.0.pdf,,https://nsearchives.nseindia.com/corporate/HONDAPOWER_08082024170620_BRSRFINAL.pdf
25715031300000.0,5143067250000.0,,,,,829.73,Honeywell_Automation_India_Limited_2023.0.pdf,,https://nsearchives.nseindia.com/corporate/HONAUT_15072024182650_SEBRSR05082024.pdf
